reach,river,treatment,CSI,F1,POD,FAR,domain
74295200111,Big Sioux River,IRIS-SWORD,0.4799,0.6485,0.5051,0.0943,river_mask
74295200111,Big Sioux River,SWOT-median,0.4722,0.6415,0.4949,0.0883,river_mask
74295200111,Big Sioux River,SWOT-floodstage,0.4723,0.6416,0.4949,0.0884,river_mask
74295200111,Big Sioux River,SWOT-maxWSE,0.4731,0.6423,0.496,0.0887,river_mask
74295100321,Little Sioux River,IRIS-SWORD,0.5431,0.7039,0.553,0.0318,river_mask
74295100321,Little Sioux River,SWOT-median,0.5431,0.7039,0.553,0.0318,river_mask
74295100321,Little Sioux River,SWOT-floodstage,0.5441,0.7048,0.554,0.0318,river_mask
74295100321,Little Sioux River,SWOT-maxWSE,0.534,0.6962,0.5437,0.0323,river_mask
74270100061,Mississippi River,IRIS-SWORD,0.5493,0.7091,0.7894,0.3564,river_mask
74270100061,Mississippi River,SWOT-median,0.5501,0.7097,0.7882,0.3545,river_mask
74270100061,Mississippi River,SWOT-floodstage,0.5501,0.7097,0.7882,0.3545,river_mask
74270100061,Mississippi River,SWOT-maxWSE,0.5503,0.7099,0.7873,0.3536,river_mask
74267300251,Ohio River,IRIS-SWORD,0.3889,0.56,0.6086,0.4815,river_mask
74267300251,Ohio River,SWOT-median,0.4338,0.6051,0.5341,0.302,river_mask
74267300251,Ohio River,SWOT-floodstage,0.4317,0.603,0.5423,0.3209,river_mask
74267300251,Ohio River,SWOT-maxWSE,0.4259,0.5974,0.5672,0.369,river_mask
74267300251,Ohio River,gauge time-varying S(Q),0.4314,0.6028,0.5488,0.3315,river_mask
74282100111,Illinois River,IRIS-SWORD,0.5615,0.7192,0.7064,0.2675,river_mask
74282100111,Illinois River,SWOT-median,0.5314,0.694,0.7249,0.3344,river_mask
74282100111,Illinois River,SWOT-floodstage,0.5657,0.7226,0.6998,0.253,river_mask
74282100111,Illinois River,SWOT-maxWSE,0.5712,0.7271,0.6863,0.227,river_mask
74282100101,Illinois River,IRIS-SWORD,0.5927,0.7443,0.9334,0.3811,river_mask
74282100101,Illinois River,SWOT-median,0.5852,0.7384,0.9489,0.3957,river_mask
74282100101,Illinois River,SWOT-floodstage,0.5604,0.7182,0.8693,0.3881,river_mask
74282100101,Illinois River,SWOT-maxWSE,0.5922,0.7439,0.9118,0.3718,river_mask
74282100101,Illinois River,gauge time-varying S(Q),0.5665,0.7233,0.862,0.377,river_mask
