reach_id,river,cd_up,cd_dn,mismatch,span_km,slope_old_mmkm,slope_new_mmkm,artefact_mmkm,artefact_pct
74267300231,Ohio River,NGVD29,NGVD29,False,29.061376224152525,4.509903419201587,4.025469596953004,0.4844338222485831,12.034218880084582
74268800051,Greenbrier River,NAVD88,NAVD88,False,31.87757787093107,2396.5143245611557,2396.5143245611557,0.0,0.0
74268800071,Greenbrier River,NAVD88,NAVD88,False,22.435922592824102,1920.96936605516,1920.96936605516,0.0,0.0
74293300041,Missouri River,NAVD88,NAVD88,False,47.54389160223016,290.22226694107536,290.22226694107536,0.0,0.0
74295200071,Big Sioux River,NAVD88,NAVD88,False,47.260294470233056,515.4351294899969,515.4351294899969,0.0,0.0
75161000081,Brazos River,NAVD88,NAVD88,False,47.30233089725282,0.0,0.0,0.0,
75161000101,Brazos River,NAVD88,NAVD88,False,30.898558136953184,275.5165455380517,275.5165455380517,0.0,0.0
74295200031,Big Sioux River,NAVD88,NAVD88,False,35.41667986845512,511.9777479805585,511.9777479805585,0.0,0.0
73160400041,West Branch Susquehanna River,NAVD88,NAVD88,False,32.060382444836634,678.233705958239,678.233705958239,0.0,0.0
73160700011,North Branch Susquehanna River,NAVD88,NAVD88,False,39.506567467494214,635.6530979478893,635.6530979478893,0.0,0.0
74267300251,Ohio River,NAVD88,NGVD29,True,3.096872055750931,3297.133306181767,3344.444068363209,-47.31076218144244,1.4146076661582985
74293400041,Nodaway River,NAVD88,NAVD88,False,26.972629714347583,430.0911006029672,430.0911006029672,0.0,0.0
71226500211,Red River Of The North,NAVD88,NAVD88,False,30.821368462540693,62.00555313832582,62.00555313832582,0.0,0.0
71226700011,Red River Of The North,NAVD88,NAVD88,False,19.74577926546637,-3.2416041493963994,-3.2416041493963994,0.0,0.0
73160100141,Susquehanna River,NAVD88,NGVD29,True,37.553816848623605,720.5697388650865,727.1940285983128,-6.6242897332263055,0.9109384115811309
73160500031,North Branch Susquehanna River,NAVD88,NAVD88,False,15.596757785858136,392.80471519247277,392.80471519247277,0.0,0.0
73160500101,North Branch Susquehanna River,NAVD88,NAVD88,False,42.03866167478126,639.7813566965777,639.7813566965777,0.0,0.0
73160500111,North Branch Susquehanna River,NAVD88,NAVD88,False,42.03866167478126,639.7813566965777,639.7813566965777,0.0,0.0
74295200051,Big Sioux River,NAVD88,NAVD88,False,23.761966363878788,636.4867186661223,636.4867186661223,0.0,0.0
74295200061,Big Sioux River,NAVD88,NAVD88,False,23.761966363878788,636.4867186661223,636.4867186661223,0.0,0.0
75120500061,Sabine River,NAVD88,NAVD88,False,19.935164096276615,-116.0478032098111,-116.0478032098111,0.0,0.0
75120500071,Sabine River,NAVD88,NAVD88,False,19.935164096276615,-116.0478032098111,-116.0478032098111,0.0,0.0
75120500081,Sabine River,NAVD88,NAVD88,False,19.935164096276615,-116.0478032098111,-116.0478032098111,0.0,0.0
75181000281,Colorado River,NAVD88,NAVD88,False,42.19382258647893,464.6352190493963,464.6352190493963,0.0,0.0
71226700061,Red River Of The North,NAVD88,NAVD88,False,45.86998415135209,315.49834314850995,315.49834314850995,0.0,0.0
73216000161,Neuse River,NAVD88,NAVD88,False,37.39658976499845,459.6868352977402,459.6868352977402,0.0,0.0
73220500011,Great Pee Dee River,NAVD88,NAVD88,False,37.454824403782354,87.31863123271592,87.31863123271592,0.0,0.0
74222700151,Ouachita River,NAVD88,NAVD88,False,21.951310242166972,-444.4676829020504,-444.4676829020504,0.0,0.0
74252300061,White River,NAVD88,NAVD88,False,37.10603514016037,142.51805616053068,142.51805616053068,0.0,0.0
74252300071,White River,NAVD88,NAVD88,False,37.10603514016037,142.51805616053068,142.51805616053068,0.0,0.0
74252300081,White River,NAVD88,NAVD88,False,37.10603514016037,142.51805616053068,142.51805616053068,0.0,0.0
74252300091,White River,NAVD88,NAVD88,False,37.10603514016037,142.51805616053068,142.51805616053068,0.0,0.0
74252300121,White River,NAVD88,NAVD88,False,19.051299076359523,-9.919323571719124,-9.919323571719124,0.0,0.0
74252500011,White River,NAVD88,NAVD88,False,19.051299076359523,-9.919323571719124,-9.919323571719124,0.0,0.0
74252500021,White River,NAVD88,NAVD88,False,19.051299076359523,-9.919323571719124,-9.919323571719124,0.0,0.0
74252500031,White River,NAVD88,NAVD88,False,19.051299076359523,-9.919323571719124,-9.919323571719124,0.0,0.0
74261000021,Ohio River,NAVD88,NGVD29,True,21.932095736011195,106.45439579066,100.9115393380239,5.5428564526361015,5.492787533514048
74261000041,Ohio River,NAVD88,NAVD88,False,42.406270552414476,52.68522722927334,52.68522722927334,0.0,0.0
74270800021,Meramec River,NAVD88,NAVD88,False,8.680870869740756,344.44562589021615,344.44562589021615,0.0,0.0
74270800031,Meramec River,NAVD88,NAVD88,False,6.037247806470021,427.1164747016904,427.1164747016904,0.0,0.0
74291900071,Missouri River,NAVD88,NAVD88,False,48.266706626454905,214.51755720836655,214.51755720836655,0.0,0.0
74291900081,Missouri River,NAVD88,NAVD88,False,48.266706626454905,214.51755720836655,214.51755720836655,0.0,0.0
74291900091,Missouri River,NAVD88,NAVD88,False,48.266706626454905,214.51755720836655,214.51755720836655,0.0,0.0
74293700021,Missouri River,NAVD88,NAVD88,False,43.20727582414828,153.7146666462153,153.7146666462153,0.0,0.0
74293700031,Missouri River,NAVD88,NAVD88,False,43.20727582414828,153.7146666462153,153.7146666462153,0.0,0.0
74295200041,Big Sioux River,NAVD88,NAVD88,False,23.761966363878788,636.4867186661223,636.4867186661223,0.0,0.0
74295200081,Big Sioux River,NAVD88,NAVD88,False,24.48568618621053,377.17709562091244,377.17709562091244,0.0,0.0
74295200091,Big Sioux River,NAVD88,NAVD88,False,24.48568618621053,377.17709562091244,377.17709562091244,0.0,0.0
74295200101,Big Sioux River,NAVD88,NAVD88,False,24.48568618621053,377.17709562091244,377.17709562091244,0.0,0.0
75120400081,Neches River,NAVD88,NAVD88,False,22.14168718626805,90.02891167373517,90.02891167373517,0.0,0.0
75120400111,Neches River,NGVD29,NAVD88,True,48.57170408156544,-41.66771659074086,-41.6789101412445,0.011193550503641347,0.026856629565667228
75120400121,Neches River,NGVD29,NAVD88,True,48.57170408156544,-41.66771659074086,-41.6789101412445,0.011193550503641347,0.026856629565667228
75161000091,Brazos River,NAVD88,NAVD88,False,25.553543843238725,14.313474571034002,14.313474571034002,0.0,0.0
75181000221,Colorado River,NAVD88,NAVD88,False,34.389678091312916,1155.2196532492546,1155.2196532492546,0.0,0.0
75181000251,Colorado River,NAVD88,NAVD88,False,18.17863862190679,256.7017309193049,256.7017309193049,0.0,0.0
75181000261,Colorado River,NAVD88,NAVD88,False,18.17863862190679,256.7017309193049,256.7017309193049,0.0,0.0
75181000301,Colorado River,NAVD88,NAVD88,False,42.19382258647893,464.6352190493963,464.6352190493963,0.0,0.0
75181000331,Colorado River,NAVD88,NAVD88,False,27.27639124057064,672.4813351671314,672.4813351671314,0.0,0.0
75181000341,Colorado River,NAVD88,NAVD88,False,27.27639124057064,672.4813351671314,672.4813351671314,0.0,0.0
71226700071,Red River Of The North,NAVD88,NAVD88,False,45.86998415135209,315.49834314850995,315.49834314850995,0.0,0.0
73160500201,North Branch Susquehanna River,NAVD88,NAVD88,False,24.90153096298007,612.8673784229684,612.8673784229684,0.0,0.0
73216000171,Neuse River,NAVD88,NAVD88,False,37.39658976499845,459.6868352977402,459.6868352977402,0.0,0.0
74282100101,Illinois River,NAVD88,NAVD88,False,8.390968885918145,480.21343599096076,480.21343599096076,0.0,0.0
74293700041,Missouri River,NAVD88,NAVD88,False,43.20727582414828,153.7146666462153,153.7146666462153,0.0,0.0
74293800031,Nishnabotna River,NAVD88,NAVD88,False,30.68039400148126,411.99131925716955,411.99131925716955,0.0,0.0
74293800041,Nishnabotna River,NAVD88,NAVD88,False,30.68039400148126,411.99131925716955,411.99131925716955,0.0,0.0
74293900011,Missouri River,NAVD88,NAVD88,False,35.501240760726155,392.01919994289625,392.01919994289625,0.0,0.0
74293900021,Missouri River,NAVD88,NAVD88,False,35.501240760726155,392.01919994289625,392.01919994289625,0.0,0.0
74293900031,Missouri River,NAVD88,NAVD88,False,35.501240760726155,392.01919994289625,392.01919994289625,0.0,0.0
75181000351,Colorado River,NAVD88,NAVD88,False,27.27639124057064,672.4813351671314,672.4813351671314,0.0,0.0
75181000361,Colorado River,NAVD88,NAVD88,False,27.27639124057064,672.4813351671314,672.4813351671314,0.0,0.0
74267300241,Ohio River,NGVD29,NAVD88,True,18.474177627916838,14.35387302974159,6.423053034020434,7.930819995721157,123.47430347709513
73216000081,Neuse River,NAVD88,NAVD88,False,38.49873750498833,254.93199611359506,254.93199611359506,0.0,0.0
74241500061,Arkansas River,NAVD88,NAVD88,False,39.61444353621398,186.35263658951632,186.35263658951632,0.0,0.0
75120500171,Sabine River,NAVD88,NAVD88,False,19.935164096276615,-116.0478032098111,-116.0478032098111,0.0,0.0
73160400051,West Branch Susquehanna River,NAVD88,NAVD88,False,21.666733744607843,257.0159427646028,257.0159427646028,0.0,0.0
75120500161,Sabine River,NAVD88,NGVD29,True,24.89455334938815,-409.18251703641664,-407.32456103014516,-1.857956006271479,0.4561365024423302
75181000291,Colorado River,NAVD88,NAVD88,False,42.19382258647893,464.6352190493963,464.6352190493963,0.0,0.0
