reach_id,n_nodes,reach_len_km,dNdx_egm2008_mmkm,dNdx_egm96_mmkm,river_slope_mmkm,model_diff_slope_mmkm,abs_river_slope_mmkm,abs_dNdx_mmkm,resolvable,geoid_pct_of_slope
73216000081,95,18.88052954798294,16.195380991936517,17.42501976937789,124.25204439393679,-1.229638777441373,124.25204439393679,16.195380991936517,True,13.03429740004086
73216000091,83,16.452434198374625,16.112320080849763,14.586904034406928,295.20060526010775,1.5254160464428352,295.20060526010775,16.112320080849763,True,5.458091817478777
73216000121,41,8.349501895568828,12.616546366718076,9.18731722091108,29.181599364435936,3.429229145806996,29.181599364435936,12.616546366718076,True,43.23459522953377
73216000141,79,15.537837403656305,8.20475303540245,6.270031427007095,162.98486618757292,1.9347216083953542,162.98486618757292,8.20475303540245,True,5.034058208790944
73216000153,13,2.450926067435241,29.92782316062074,23.7243688733675,-5.672672978692949e-13,6.2034542872532406,5.672672978692949e-13,29.92782316062074,False,
73216000161,90,17.86587852354103,15.208006662980964,15.365335676494144,85.62283067009757,-0.15732901351318063,85.62283067009757,15.208006662980964,True,17.761625659839485
73216000171,51,9.947744506662945,7.414589485530974,9.275317899021303,36.315267996380605,-1.860728413490329,36.315267996380605,7.414589485530974,True,20.417278722189124
73216000181,50,9.906054249408887,11.94622035567319,16.822676823394268,198.65858039197676,-4.876456467721077,198.65858039197676,11.94622035567319,True,6.013442929120853
73216000191,50,9.924367083146935,12.044258364449387,15.31595554506373,176.74159481040567,-3.2716971806143427,176.74159481040567,12.044258364449387,True,6.81461450960059
73216000201,51,9.963008133111463,5.04208408444146,7.866459057910597,149.9083869390102,-2.824374973469137,149.9083869390102,5.04208408444146,True,3.363443625400904
73216000211,50,9.868812954271155,-7.232064639371493,-6.214171143162847,408.8258878484304,-1.0178934962086457,408.8258878484304,7.232064639371493,True,1.768984023353417
73220100023,57,11.256985556923686,-9.99362420624438,-6.152766128838917,-4.3153054286019565e-16,-3.8408580774054633,4.3153054286019565e-16,9.99362420624438,False,
73220100031,5,0.7987620308859842,15.954165918986842,16.86047596886852,2.0115135004338772e-14,-0.9063100498816787,2.0115135004338772e-14,15.954165918986842,False,
73220100051,73,14.404251942428775,9.770388178439763,9.052666213591356,10.079521632379231,0.7177219648484066,10.079521632379231,9.770388178439763,True,96.93305431334743
73220100061,66,13.054363320047175,20.08357300646061,10.455309483464275,43.521970234944895,9.628263522996336,43.521970234944895,20.08357300646061,True,46.14582680435501
73220100073,58,11.430196067774231,-3.7014280927137304,-2.830079190493586,32.65555067032819,-0.8713489022201446,32.65555067032819,3.7014280927137304,True,11.334759380055283
73220300011,7,1.22360954471906,31.086354397179,18.112565861593676,-3.7191931943915586e-13,12.973788535585324,3.7191931943915586e-13,31.086354397179,False,
73220300021,8,1.440598419736809,22.056564332917212,19.795922023796372,-395.27887412740535,2.26064230912084,395.27887412740535,22.056564332917212,True,5.580000798577459
73220300031,80,15.775623665519372,17.105794588390324,9.857969883230298,126.14821604541702,7.247824705160026,126.14821604541702,17.105794588390324,True,13.560076491475506
73220300041,6,1.0030595379701845,1.2814494004572228,8.74268276187754,-1.1925152622524932e-12,-7.461233361420316,1.1925152622524932e-12,1.2814494004572228,False,
73220500011,87,17.181515457013973,15.712997249309977,12.683439905276048,17.1030361057075,3.029557344033929,17.1030361057075,15.712997249309977,True,91.8725608260065
73257400023,32,6.170043231289823,-11.072088470533174,-11.19587312424172,33.934499684012295,0.12378465370854563,33.934499684012295,11.072088470533174,True,32.62782293427952
73257400031,19,3.5810462194552963,-9.958599890612124,-9.401683263475535,41.30916837823757,-0.5569166271365891,41.30916837823757,9.958599890612124,True,24.107480933599472
74241300043,45,8.88636533452524,2.5049237443049615,3.1066119845262397,37.066096651151234,-0.6016882402212782,37.066096651151234,2.5049237443049615,True,6.757991724567418
74241300063,54,10.614045911444585,5.679175482310057,5.7746584632224645,147.28634758871846,-0.09548298091240781,147.28634758871846,5.679175482310057,True,3.855873660584315
74241300071,6,1.0115591871321667,-5.42943656367895,-3.119531878103472,1.8862518164309e-11,-2.3099046855754777,1.8862518164309e-11,5.42943656367895,False,
74241300083,63,12.465869285736,0.5499837753715939,2.293725124405636,182.8084117729694,-1.7437413490340419,182.8084117729694,0.5499837753715939,True,0.30085255379529324
74241300103,33,6.388568027032074,-4.286331657541553,-7.153546685369119,137.31436773089717,2.867215027827566,137.31436773089717,4.286331657541553,True,3.1215463671956916
74241300113,42,8.148357683463022,2.121014894139981,2.9320828322877035,214.9729841862554,-0.8110679381477226,214.9729841862554,2.121014894139981,True,0.9866425319296428
74241300123,42,8.140756746197585,-2.357992438003713,-7.561160017558128,206.3190954082865,5.203167579554416,206.3190954082865,2.357992438003713,True,1.1428861847893736
74241300133,42,8.162232028752799,-3.914635143396741,-8.935441959006173,144.72273056578533,5.020806815609433,144.72273056578533,3.914635143396741,True,2.7049207322807525
74241300153,13,2.4952834040094167,-4.1658841098100385,-7.755116806709963,2.3336404554278227e-12,3.5892326968999244,2.3336404554278227e-12,4.1658841098100385,False,
74241300161,55,10.868852205521195,-7.5245922348245005,-6.717064068607355,142.82019602401647,-0.8075281662171454,142.82019602401647,7.5245922348245005,True,5.268577165066469
74241300171,55,10.839964422375196,-15.204699226474132,-13.726905601441826,97.92339586890515,-1.4777936250323052,97.92339586890515,15.204699226474132,True,15.527136382023974
74241300231,71,14.134748748350656,-32.05404048115543,-20.97006823266149,60.52515911128987,-11.083972248493943,60.52515911128987,32.05404048115543,True,52.95986157131198
74241300241,55,10.773614626809955,-32.93409586539411,-23.920541708597653,158.41629202832692,-9.01355415679646,158.41629202832692,32.93409586539411,True,20.789588901313927
74241300251,54,10.719113457005005,-27.40591216467977,-28.09467475094683,174.31312415853705,0.6887625862670603,174.31312415853705,27.40591216467977,True,15.722231069505822
74241500011,54,10.745670074535767,-8.161818477088767,0.5705979655218318,250.57727787563616,-8.7324164426106,250.57727787563616,8.161818477088767,True,3.2572061386745346
74241500031,94,18.699792923669097,-12.001969665907323,-14.039293760918163,45.98141855332155,2.03732409501084,45.98141855332155,12.001969665907323,True,26.1017820752734
74241500041,67,13.280429760539207,-16.36215939570516,-19.301444433333785,93.3131706440561,2.9392850376286255,93.3131706440561,16.36215939570516,True,17.534673061446767
74241500061,70,13.856487978922669,-13.249318915917316,-20.97311507981324,220.9005377025453,7.7237961638959245,220.9005377025453,13.249318915917316,True,5.997866303864887
74252100131,52,10.194785122819011,-1.8052678828835085,-3.8835915729844417,-5.55654418598024e-13,2.078323690100933,5.55654418598024e-13,1.8052678828835085,False,
74252100141,51,10.07694154616678,-3.9179427223887204,-5.040729638752351,327.44781765353486,1.1227869163636308,327.44781765353486,3.9179427223887204,True,1.1965090347721319
74252200011,55,10.882561288584489,-5.5221809486501,-6.133300680930265,132.99664601898297,0.6111197322801649,132.99664601898297,5.5221809486501,True,4.152120458633148
74252300011,51,9.95884303794452,-1.0936438530252026,-0.9528383578036437,-3.9027747684679364e-13,-0.14080549522155894,3.9027747684679364e-13,1.0936438530252026,False,
74252300021,50,9.866851816587383,-5.017421779197704,-4.599996231129791,27.836510155956525,-0.41742554806791343,27.836510155956525,5.017421779197704,True,18.02460779417805
74252300031,50,9.901070761900396,-3.679140910599949,-3.3113626326544505,76.65484840894675,-0.36777827794549856,76.65484840894675,3.679140910599949,True,4.799619315626407
74252300041,50,9.879351357870735,-7.873208953113105,-7.026507260525599,182.91252011226584,-0.8467016925875059,182.91252011226584,7.873208953113105,True,4.304357595795401
74252300051,50,9.885995713394601,-7.910723360181215,-6.931690067137777,35.134689315312826,-0.9790332930434378,35.134689315312826,7.910723360181215,True,22.515421409272193
74252300061,50,9.920796125536318,-6.518364306050053,-6.251632945021116,48.521841884392884,-0.2667313610289366,48.521841884392884,6.518364306050053,True,13.433876483049778
74252300071,50,9.84864578153612,-6.755802986212388,-7.013182883319335,215.88961176194698,0.2573798971069463,215.88961176194698,6.755802986212388,True,3.129285810037839
74252300081,50,9.902892642048887,-3.422591221979255,-1.6614488254488746,74.06866394929288,-1.7611423965303805,74.06866394929288,3.422591221979255,True,4.620835640186987
74252300091,50,9.896821688987314,-3.3110334725999397,-3.9810978608647227,41.581605141925046,0.670064388264783,41.581605141925046,3.3110334725999397,True,7.96273607355662
74252300101,50,9.89476582188392,-3.3094093441049433,-3.5534573733339787,77.68842370949884,0.24404802922903546,77.68842370949884,3.3094093441049433,True,4.259848747195404
74252300111,50,9.918425919814966,-3.330482329492731,-3.8588315931917307,204.13837023043942,0.5283492636989999,204.13837023043942,3.330482329492731,True,1.6314827661909672
74252300121,50,9.90693878780771,-1.6708333391927277,-1.605910560133848,-1.7994267643405759e-13,-0.06492277905887978,1.7994267643405759e-13,1.6708333391927277,False,
74252400011,62,12.158394289693563,-1.1994322118463816,-3.9845834186647884,219.03198970007168,2.7851512068184068,219.03198970007168,1.1994322118463816,True,0.5476059517556349
74252400021,91,17.945148863187992,0.38425611173178986,-3.6660984428515144,186.82646972776274,4.050354554583304,186.82646972776274,0.38425611173178986,True,0.20567541221097577
74252500011,60,11.902274406109937,0.3263179990959211,2.461491707844066,-2.342750650052189e-13,-2.135173708748145,2.342750650052189e-13,0.3263179990959211,False,
74252500021,60,11.856308784629219,-2.435659630355802,-3.8007863115730616,144.57984957111609,1.3651266812172596,144.57984957111609,2.435659630355802,True,1.6846466762698817
74252500031,49,9.65959804083174,-0.04284889980539493,-1.6294248814102203,-6.677577676247318e-13,1.5865759816048255,6.677577676247318e-13,0.04284889980539493,False,
74252500041,49,9.670539085328347,1.651113892993991,-4.013619244116151,-48.40884694704427,5.664733137110142,48.40884694704427,1.651113892993991,True,3.410768892719524
74252500051,49,9.697177462932887,3.216339881927363,-3.5388004330540106,292.70555404920356,6.755140314981373,292.70555404920356,3.216339881927363,True,1.0988311760516505
74252500061,98,19.465994894981616,-0.10469901353911676,-0.22830072750061636,20.780667571212785,0.1236017139614996,20.780667571212785,0.10469901353911676,True,0.5038289226288142
74291600021,90,17.823418856316245,1.9187357982982636,-1.4475468712454893,46.60409393492759,3.366282669543753,46.60409393492759,1.9187357982982636,True,4.117097096614211
75120400013,57,11.333804831953094,-8.322799778208768,-9.634421353658782,0.0,1.3116215754500136,0.0,8.322799778208768,False,
75120400023,43,8.421228246784281,-4.178250804942927,-4.356352716186484,0.0,0.1781019112435569,0.0,4.178250804942927,False,
75120400033,43,8.416329868032983,-3.677430176167663,-1.549568669168875,0.0,-2.127861506998788,0.0,3.677430176167663,False,
75120400043,43,8.446036718514595,-1.6631474022633883,-0.9443123061067829,0.0,-0.7188350961566055,0.0,1.6631474022633883,False,
75120400053,15,2.8242226878541112,-2.3510138274047696,-1.511414679413598,0.0,-0.8395991479911715,0.0,2.3510138274047696,False,
75120400063,45,8.747855001490331,-1.3566123091905609,-1.1285556518628215,176.5533587446526,-0.2280566573277394,176.5533587446526,1.3566123091905609,True,0.7683865766341019
75120400081,96,19.099098609102263,-0.9514151758271093,-1.2944748673536048,68.59519831658238,0.3430596915264955,68.59519831658238,0.9514151758271093,True,1.386999672245443
75120400091,96,19.080888944586114,0.2562696983171981,-0.07666543796004045,228.98666906450845,0.33293513627723853,228.98666906450845,0.2562696983171981,True,0.11191468017074988
75120400101,96,19.090299369537185,-0.1516742389320083,-0.14073099982007142,96.51514266318766,-0.01094323911193687,96.51514266318766,0.1516742389320083,True,0.15715071723129634
75120400111,96,19.09302640667412,-2.0574980945499184,-1.9992396690819692,194.16648889943605,-0.05825842546794924,194.16648889943605,2.0574980945499184,True,1.0596566411702233
75120400121,96,19.061445440457728,-1.8272913957471528,-2.3028293412769267,172.73964694597566,0.4755379455297739,172.73964694597566,1.8272913957471528,True,1.0578297617562216
75120400131,47,9.21048465876974,-4.567951668608608,-3.093625284435065,2.172094190605396e-13,-1.4743263841735432,2.172094190605396e-13,4.567951668608608,False,
75120400141,47,9.195302595512155,-3.1978795064789756,-3.8421502445819087,5.3026975302700884e-14,0.6442707381029331,5.3026975302700884e-14,3.1978795064789756,False,
75120400151,47,9.235575694386382,-3.994302306386933,-4.158478863857114,221.0081776665132,0.16417655747018145,221.0081776665132,3.994302306386933,True,1.807309733314064
75120400173,31,5.959706426226563,-6.424450433642528,-5.441122444142363,21.94536564107969,-0.9833279895001654,21.94536564107969,6.424450433642528,True,29.274747747271764
75120500061,11,2.005217966763288,-2.40965229560492,-1.4561016696264784,-2.4253818654585616e-14,-0.9535506259784416,2.4253818654585616e-14,2.40965229560492,False,
75120500071,57,11.24465906870809,-1.3652204019557315,-2.779698911712645,76.7955302623781,1.4144785097569137,76.7955302623781,1.3652204019557315,True,1.7777341953253611
75120500081,50,9.905001692758757,-0.3029935491572073,0.13929102965822793,11.445691672845413,-0.4422845788154352,11.445691672845413,0.3029935491572073,True,2.647227951073076
75120500091,50,9.900919504443708,0.37525956701422203,0.7941042355827143,317.4000588525001,-0.41884466856849223,317.4000588525001,0.37525956701422203,True,0.11822920524051006
75120500101,51,9.944559371793643,2.3648706803969546,1.8890612421570547,-1.2063529335626405e-14,0.47580943823989985,1.2063529335626405e-14,2.3648706803969546,False,
75120500111,51,10.02642244211011,3.5208947440129466,3.0709778501427416,85.62853804760287,0.44991689387020495,85.62853804760287,3.5208947440129466,True,4.111823959969514
75120500121,96,19.052969909542675,2.7471559668083323,1.3269932936062498,34.05355296315407,1.4201626732020824,34.05355296315407,2.7471559668083323,True,8.067164004239894
75120500131,57,11.140017484705895,3.3910097382696702,1.9296399816944978,-1.436121233117275e-14,1.4613697565751724,1.436121233117275e-14,3.3910097382696702,False,
75120500141,57,11.165210317652235,3.0590768746502772,1.7846872223624255,217.05426904015303,1.2743896522878517,217.05426904015303,3.0590768746502772,True,1.4093603817045295
75120500151,96,18.989584724530403,5.523764033914281,5.611414159244414,298.97111183516085,-0.08765012533013294,298.97111183516085,5.523764033914281,True,1.84759122712827
75120500161,96,19.051358528998186,4.27591045367346,3.9822191026640703,184.32134304898565,0.2936913510093899,184.32134304898565,4.27591045367346,True,2.319812986897065
75120500171,97,19.34340216919598,-1.052251384554742,-1.708474191475534,11.117311786498888,0.6562228069207918,11.117311786498888,1.052251384554742,True,9.464980426586756
