x,y,reach_id,reach_len,wse,facc,slope,lakeflag,river_name,swot_wse,N_egm2008,N_egm96,sword_on_egm2008,resid_orthometric_m,resid_if_ellipsoidal_m
-77.8793830183524,35.245671216245114,73216000081,19038.357355029017,11.0,5981.289506866374,0.123586223253701,0,Neuse River,11.2865,-36.600483224990754,-37.100686674419904,10.49979655057085,0.7867034494291509,37.38718667441991
-77.94625489586758,35.302911526064506,73216000091,16609.887757560395,13.90000057220459,5500.175090786398,0.2906573213688762,0,Neuse River,13.86965,-36.37850242456512,-36.862723423101095,13.415779573668615,0.45387042633138464,36.832372850896505
-78.0213276338643,35.35109837972007,73216000121,8695.795876948418,16.5,5332.05419921875,0.0295219536311556,0,Neuse River,16.4506,-36.113315584923654,-36.6306581255411,15.982657459382551,0.4679425406174502,36.581258125541105
-78.0312579856589,35.37221972679756,73216000131,652.3059707443145,19.100000381469727,5164.136798943648,3.701862062705636,0,Neuse River,17.6247,-36.053485926093664,-36.58538804788978,18.56809825967361,-0.9433982596736108,35.11008766642005
-78.05926674577589,35.35974355440279,73216000141,15704.572803793868,19.100000381469727,5150.36232470233,0.1633120418700841,0,Neuse River,19.1164,-35.98743059601227,-36.533310806006234,18.55412017147576,0.5622798285242396,36.54971042453651
-78.15879939921302,35.357699905014165,73216000161,18023.33301773098,20.700000762939453,4781.731156910892,0.0858171993867983,0,Neuse River,21.2803,-35.717497930629435,-36.30375063731251,20.113748056256377,1.1665519437436238,36.884049874373055
-78.22270898686348,35.377909703719155,73216000171,10098.872950566602,23.80000114440918,4419.659262567701,0.0398906533650645,0,Neuse River,23.5102,-35.584806367312865,-36.1376697727311,23.247137738990943,0.2630622610090576,35.84786862832192
-78.2779273513112,35.39600423199685,73216000181,10090.078554826789,25.700000762939453,4211.730294258296,0.195891268316188,0,Neuse River,26.3106,-35.47598506641314,-35.99392331252123,25.18206251683136,1.1285374831686426,36.60452254958178
-78.33445806037011,35.42893421734141,73216000191,10078.408359534302,29.0,4003.1453986040665,0.1770218096882048,0,Neuse River,29.4715,-35.355055197321306,-35.83053476809542,28.524520429225888,0.9469795707741113,36.302034768095425
-78.36674536452223,35.48490900539727,73216000201,10118.54005913162,29.399999618530273,3798.496067018784,0.1493091356523337,0,Neuse River,32.009550000000004,-35.261908905667596,-35.69991755221276,28.96199097198511,3.047559028014895,38.30946793368249
-78.3258270683331,35.54817058356038,73216000211,10051.894429468191,32.10000228881836,3593.8467354335025,0.4037514975228387,0,Neuse River,34.1625,-35.31906158491015,-35.73773461626975,31.681329257458763,2.481170742541238,37.80023232745139
-79.20096600874554,33.42704515859045,73220100023,11401.704570376907,0.100000001490116,41029.69921875,0.0001616987820914,3,Waccamaw River,-0.19140000000000001,-35.805940465616885,-35.81059027637577,0.09535019073123152,-0.28675019073123154,35.51919027488565
-79.16413687296313,33.46494302875535,73220100031,974.1066025415132,0.100000001490116,41006.88671875,1.2630820885740815e-16,0,Great Pee Dee River,0.04535,-35.846010200822064,-35.835670746390036,0.11033945592214423,-0.06498945592214422,35.78102074489992
-79.17187790636224,33.525661060974734,73220100051,14555.446635987017,1.5,41006.88671875,0.0111706164259877,0,Great Pee Dee River,1.6012,-35.76428359741429,-35.753360452507316,1.5109231449069753,0.09027685509302463,35.854560452507314
-79.1521921921819,33.61077583504993,73220100061,13224.707507717623,1.600000023841858,38681.10819557669,0.0431438998455176,0,Great Pee Dee River,5.26235,-35.638808306777754,-35.67648607406241,1.5623222565572021,3.7000277434427975,39.33883605022055
-79.13584635452291,33.50465304838427,73220100073,11607.222880448167,0.400000005960464,20492.021484375,0.033061502993133,3,Waccamaw River,0.0383,-35.86148335280585,-35.84752690581558,0.41395645295073535,-0.37565645295073535,35.48582689985511
-79.15192584362507,33.660631363802025,73220300011,1417.8255876589535,2.299999952316284,36443.984375,6.83756398383588e-16,0,Great Pee Dee River,1.1947,-35.49323971890907,-35.610695396571124,2.1825442746542265,-0.9878442746542264,34.50539544425484
-79.14434781950514,33.665996207658296,73220300021,1639.435666283695,2.299999952316284,36443.80859375,0.3477482154288015,0,Great Pee Dee River,4.665050000000001,-35.49277952916395,-35.61841805630195,2.174361425178283,2.490688574821718,37.983468103985665
-79.12440773125249,33.627938699720325,73220300031,15945.331804475269,1.600000023841858,40.35243225097656,0.1259656331098722,0,Waccamaw River,4.8367,-35.657863706415704,-35.707266073508805,1.5505976567487565,3.286102343251244,38.94396604966695
-79.14138681492997,33.65926635211466,73220300041,1224.6131561121383,2.299999952316284,36444.34375,4.0628435686961575e-16,0,Great Pee Dee River,8.0711,-35.52009475788252,-35.633115008969774,2.1869797012290277,5.884120298770972,41.40421505665349
-79.19717375675977,33.69832545735648,73220500011,17361.52240065661,2.299999952316284,24249.44140625,0.0174255871324704,0,Great Pee Dee River,1.9414,-35.294146893065005,-35.47065968774688,2.1234871576344077,-0.18208715763440764,35.1120597354306
-81.75759350170918,26.713441758818085,73257400023,6324.781074796986,0.800000011920929,1776.672528953935,0.0343209822818149,3,Caloosahatchee River,0.1449,-25.948465864102673,-25.990554278015214,0.7579115980083877,-0.6130115980083877,25.335454266094285
-81.71312030598418,26.723146197169623,73257400031,3752.3989464801057,1.100000023841858,1678.7572842907348,0.0428195299257419,0,Caloosahatchee River,0.14615,-26.002514757307583,-26.042914079070165,1.0596007020792761,-0.9134507020792761,25.089064055228306
-91.78386281229558,34.19278213542198,74241300071,1187.2890467986808,55.29999923706055,408796.5164674466,1.6183912225692916e-15,0,Arkansas River,55.0601,-26.885817888894948,-27.259655505571562,54.92616162038394,0.1339383796160618,27.019756268511003
-92.1147468275224,34.46294110949022,74241300161,11051.28703671019,63.80000305175781,405947.19175991864,0.142035033317148,0,Arkansas River,64.5424,-26.999329777266592,-27.455119424654747,63.344213404369654,1.1981865956303466,28.197516372896942
-92.14135595884186,34.53792129517283,74241300171,11001.571775880377,65.5,405315.76246185147,0.1020666235315786,0,Arkansas River,64.6383,-27.13407520215892,-27.57287139492834,65.06120380723058,-0.42290380723058263,26.711171394928343
-92.41645527238052,34.83072638626602,74241300231,14300.506056010028,71.80000305175781,402288.8482642421,0.0611011476454636,0,Arkansas River,75.48835,-27.88422227817655,-28.344510321724393,71.33971500820996,4.148634991790033,32.032857269966584
-92.46712206349989,34.91868147915324,74241300241,10928.359337455537,73.70000457763672,401475.8830429807,0.1566258365064992,0,Arkansas River,75.61189999999999,-28.319328151963955,-28.6245408119511,73.39479191764957,2.2171080823504212,30.53643623431438
-92.55631763725852,34.962913768514575,74241300251,10902.152666523469,74.9000015258789,400808.9358468973,0.1706706684176624,0,Arkansas River,75.81575000000001,-28.596976856472924,-28.881975479040943,74.61500290331088,1.2007470966891276,29.79772395316205
-92.56246167780516,35.03339561197393,74241500011,10900.416851849252,76.0,400155.80116670905,0.2519216592047373,0,Arkansas River,76.1832,-28.829694947146443,-29.050757536003648,75.7789374111428,0.40426258885719335,29.23395753600363
-92.60989813285028,35.08710402234594,74241500031,18880.455387733786,79.20000457763672,399496.74683685147,0.0461636613742904,0,Arkansas River,80.43469999999999,-29.03584636925554,-29.228679948083027,79.00717099880923,1.4275290011907629,30.4633753704463
-92.72879779001468,35.11833735005202,74241500041,13465.189450887628,80.20000457763672,398358.20088377415,0.0916510956968841,0,Arkansas River,80.6928,-29.280705798119538,-29.504802285109427,79.97590809064683,0.7168919093531798,29.99759770747272
-92.84054336353788,35.14795703227187,74241500061,14003.354975063306,86.30000305175781,397535.3695797304,0.2206988939127546,0,Arkansas River,86.61645,-29.462242422467646,-29.771241928514744,85.99100354571073,0.6254464542892748,30.087688876756914
-91.31894283929276,34.59992447466072,74252100131,10375.397048288154,44.0,65922.52871857541,1.5814082265771997e-15,0,White River,47.1316,-27.613690117100514,-27.890237300000702,43.72345281709981,3.408147182900187,31.021837300000698
-91.31516893189216,34.65962687093193,74252100141,10256.994011301433,45.0,65885.20874588487,0.3273708785743986,0,White River,47.5041,-27.644951580978173,-27.937028105300694,44.707923475677475,2.796176524322526,30.441128105300706
-91.3114397440039,34.74591658137641,74252200011,11057.883499496142,48.0,5536.130859375,0.1335855129241205,0,Cache River,48.298,-27.704585011328767,-28.003336130152885,47.701248881175886,0.5967511188241161,28.301336130152876
-91.34205984929145,34.69028470693494,74252300011,10113.684336388227,46.400001525878906,60311.3984375,7.404556314457647e-16,0,White River,48.40035,-27.669117633916812,-27.962896984948465,46.106222174847254,2.2941278251527493,29.96324545906956
-91.37175421658792,34.73166370392783,74252300021,10049.2503047117,46.400001525878906,60157.713604569246,0.0279203641818073,0,White River,49.4383,-27.710794960738035,-28.00216242156432,46.10863406505262,3.3296659349473785,31.04046089568542
-91.40566030316216,34.76067624154955,74252300031,10071.343970172751,47.29999923706055,60004.52135123121,0.0769376330304965,0,White River,49.64305,-27.74828437665833,-28.03597744320486,47.012306170514016,2.6307438294859864,30.37902820614432
-91.44630944586284,34.800593887310505,74252300041,10060.303725535425,49.10000228881836,59850.34393870773,0.1789292668588883,0,White River,49.2294,-27.804492175441187,-28.086991459428653,48.8175030048309,0.4118969951691014,28.216389170610285
-91.4603846873,34.86519169872806,74252300051,10069.52321786916,49.10000228881836,59693.70362822061,0.0335284206160108,0,White River,50.12005,-27.8882456294648,-28.160587150457392,48.82766076782577,1.29238923217423,29.180634861639028
-91.45328174052086,34.90603196184287,74252300061,10074.494686744432,50.400001525878906,59541.98911366076,0.0482875220372155,0,White River,50.25065,-27.934009861638295,-28.201542993527692,50.13246839398951,0.11818160601048788,28.052191467648782
-91.48082125081412,34.96586090851368,74252300071,10024.23368444963,51.79999923706055,59389.28943991546,0.2146190471341819,0,White River,52.2546,-28.01248438019747,-28.279995793209483,51.53248782404853,0.722112175951473,28.734596556148944
-91.47693277455632,35.01930370518748,74252300081,10084.111213121994,51.900001525878906,59240.53040291197,0.0739630023342723,0,White River,52.5744,-28.072997395423307,-28.33353365987008,51.639465261432136,0.9349347385678612,29.00793213399116
-91.45730877160604,35.05522122085021,74252300091,10059.723865913542,52.400001525878906,59083.397512832125,0.0421713124815014,0,White River,53.427,-28.104340617370205,-28.355472939308033,52.148869203941075,1.2781307960589245,29.38247141342913
-91.45882316109504,35.08593693438469,74252300101,10064.371896676168,54.400001525878906,58929.71267990137,0.0815472701508331,0,White River,53.553,-28.13318958935532,-28.384842778483485,54.14834833675074,-0.5953483367507459,27.53784125260458
-91.44361141163876,35.12777019496566,74252300111,10072.699452931582,54.900001525878906,58778.98332452697,0.2036111513179851,0,White River,54.17895,-28.15936264875351,-28.41485334757505,54.64451082705737,-0.46556082705736657,27.693801821696148
-91.44101450876455,35.164875729831245,74252300121,10061.055186591851,55.900001525878906,58632.194605894394,3.8812458100435235e-15,0,White River,54.7686,-28.18507643836095,-28.44778222171091,55.63729574252895,-0.8686957425289492,27.31638069583201
-91.47093378448577,35.189624266674016,74252400011,12309.605040605104,57.900001525878906,4656.5888671875,0.2191701460123359,0,Little Red River,56.2893,-28.204003718251624,-28.488015412556344,57.61598983157418,-1.3266898315741855,26.87731388667744
-91.53940454659354,35.19833183545395,74252400021,18119.82093151487,57.900001525878906,4395.578969855058,0.187540861884269,0,Little Red River,56.13535,-28.210537832909477,-28.532660203953373,57.57787915483501,-1.4425291548350074,26.768008678074473
-91.40251560657148,35.19687210672208,74252500011,12056.546814363945,55.900001525878906,57334.81640625,2.1186529405960377e-15,0,White River,55.4804,-28.20080562920486,-28.455255121135046,55.64555203394872,-0.16515203394871492,28.03565359525615
-91.3843165956907,35.22155343362943,74252500021,12039.238358748737,55.900001525878906,56797.95540420446,0.1447339430122544,0,White River,56.3519,-28.215074707922167,-28.467676930693994,55.64739930310708,0.7045006968929215,28.91957540481509
-91.37889767487462,35.26427892682281,74252500031,9842.592190413468,57.20000076293945,56264.02007519459,1.872370381346127e-15,0,White River,57.0704,-28.230851950979705,-28.50106076148968,56.92979195242948,0.1406080475705167,28.371459998550222
-91.3941140814794,35.288485612587685,74252500041,9826.369295791292,57.20000076293945,55820.78061029051,0.0398640874872886,0,White River,57.90635,-28.228400361061883,-28.52623873699559,56.902162387005745,1.004187612994258,29.232587974056145
-91.42977510359408,35.31115122784162,74252500051,9869.456268340604,59.29999923706055,55377.54114538643,0.291231803037123,0,White River,58.364149999999995,-28.206186384151533,-28.559831293870904,58.946354327341176,-0.5822043273411808,27.623982056810355
-91.41819633526654,35.36889785785831,74252500061,19627.70996325297,60.5,54937.22735351802,0.0210885382410673,0,White River,59.0876,-28.172852984710815,-28.592112930939905,60.08074005377091,-0.9931400537709081,27.1797129309399
-92.96265800781384,38.92754556260079,74291600021,17996.500156719223,181.6999969482422,5680.58885390455,0.0465534439620346,0,Lamine River,176.5387,-33.176514182500476,-33.42729592137602,181.44921520936666,-4.91051520936665,28.265998973133833
-93.8607490826935,29.96977545930545,75120400013,11481.994748117628,0.0,24698.11328125,0.0,3,Neches River,0.197,-28.493157337142076,-28.42294338952049,0.0702139476215855,0.1267860523784145,28.61994338952049
-93.94773613993704,30.000924278983256,75120400023,8590.859097531446,0.0,24371.32294431972,0.0,3,Neches River,0.2383,-28.55049238301135,-28.491688850552546,0.05880353245880343,0.17949646754119658,28.729988850552544
-94.0164551073258,30.027387371132033,75120400033,8582.075743926522,0.0,24110.680500363247,0.0,3,Neches River,0.29525,-28.577217246990408,-28.508633737682437,0.0685835093079703,0.2266664906920297,28.803883737682437
-94.06182462757872,30.076315210771657,75120400043,8605.16010224492,0.0,23852.999902360814,0.0,3,Neches River,0.4098,-28.60630425902355,-28.522167863306205,0.08413639571734421,0.3256636042826558,28.931967863306205
-94.08716638856592,30.10185263601737,75120400053,2969.517299738732,0.0,23595.319304358396,0.0,3,Neches River,0.4651,-28.616668862690652,-28.529018472695945,0.08765038999470676,0.37744961000529326,28.994118472695945
-94.09937039706058,30.135003829305067,75120400063,8910.411246635804,0.0,23500.540233828768,0.1768055071195033,3,Neches River,0.4354,-28.62875701244553,-28.53767986453432,0.09107714791121069,0.3443228520887893,28.97307986453432
-94.10970257101005,30.204780542183357,75120400081,19278.264737279733,1.600000023841858,23218.17758620925,0.0680041319880745,0,Neches River,1.6202,-28.6486633453649,-28.555721062437538,1.6929423067692184,-0.07274230676921833,28.57592103859568
-94.1050012028565,30.311271268868804,75120400091,19242.090749018626,6.599999904632568,22644.566753108065,0.2293709640766447,0,Neches River,2.8804,-28.652999545455486,-28.56899770962652,6.684001740461536,-3.803601740461536,24.849397804993952
-94.10849112195218,30.41057553470327,75120400101,19244.01481410186,9.300000190734863,22062.07038214473,0.094554454430394,0,Neches River,6.90535,-28.645591470155864,-28.57176316729739,9.373828493593336,-2.468478493593336,26.177112976562526
-94.08317007843584,30.51352868941356,75120400111,19267.042328276588,13.300000190734863,21463.777499426455,0.1952792673777228,0,Neches River,10.5208,-28.662240664945518,-28.577214152884913,13.385026702795468,-2.8642267027954684,25.798013962150048
-94.07398502844416,30.619835744165268,75120400121,19214.580927909712,16.899999618530273,20895.103076248688,0.1737347365752642,0,Neches River,12.695,-28.713326588026604,-28.628844353491058,16.98448185306582,-4.289481853065819,24.423844734960785
-94.08969404659013,30.677330841561737,75120400131,9370.729673847414,17.700000762939453,20320.50496116282,9.094909253874288e-17,0,Neches River,14.07025,-28.7530167544764,-28.66079658431767,17.792220933098182,-3.7219709330981825,25.031045821378218
-94.12980643941783,30.71642019770654,75120400141,9348.348781590706,17.700000762939453,20039.12959552799,0.0008793226216036,0,Neches River,14.81,-28.79005306923858,-28.68938479030322,17.800669041874816,-2.990669041874815,25.799384027363768
-94.1406810367885,30.777740916970835,75120400151,9406.914855812542,18.5,19771.57617767873,0.2182756720052603,0,Neches River,15.79025,-28.822386354586047,-28.725408650414124,18.596977704171923,-2.806727704171923,26.01565865041412
-93.6943690356146,30.173014508313027,75120500061,2183.6313912481655,0.600000023841858,24149.74609375,1.5448462739544803e-16,0,Sabine River,0.379,-28.596085769474104,-28.500539660462383,0.695546132853579,-0.316546132853579,28.279539636620527
-93.68008194424608,30.22288812458416,75120500071,11421.1653191345,1.600000023841858,566.3129614020206,0.0747367841828916,0,Sabine River,0.8006,-28.609952860643585,-28.51749906833888,1.692453816146564,-0.8918538161465641,27.71809904449702
-93.7067366760844,30.286518994245384,75120500081,10070.984606810436,1.700000047683716,24099.22265625,0.0115643923318876,0,Sabine River,2.2262,-28.614748204429773,-28.52210283775562,1.7926454143578674,0.43355458564213256,29.048302790071904
-93.74910583855814,30.318061497359544,75120500091,10080.100165794847,1.700000047683716,23810.37844694767,0.3091690521077448,0,Sabine River,4.4938,-28.616532631120315,-28.523906385095582,1.792626293708448,2.701173706291552,31.317706337411867
-93.75720996804654,30.36417038640176,75120500101,10118.751619629362,5.300000190734863,23529.760813226745,2.3543640486451313e-16,0,Sabine River,6.0503,-28.603096180220835,-28.509681995037006,5.393414375918692,0.6568856240813084,29.259981804302146
-93.7267756551766,30.419607466919075,75120500111,10179.973210292586,5.300000190734863,23242.744731831393,0.08416426610922,0,Sabine River,6.7143,-28.564554693065983,-28.478490936569923,5.386063947230923,1.3282360527690766,29.892790745835057
-93.7093020260775,30.483158377042955,75120500121,19237.12654627127,6.0,22954.814586482556,0.0343983224640531,0,Sabine River,8.389299999999999,-28.517626889040233,-28.44598477617416,6.071642112866073,2.317657887133926,30.835284776174163
-93.72756249200036,30.558885808164305,75120500131,11283.155755368009,6.800000190734863,22436.54032485465,1.357011054138411e-16,0,Sabine River,10.4149,-28.490381842135104,-28.44570919205453,6.844672840815438,3.5702271591845616,32.06060900131966
-93.68439727775257,30.60094590500826,75120500141,11326.956283948452,6.800000190734863,22131.242964389538,0.2189446010251604,0,Sabine River,11.9435,-28.45164155478127,-28.40944427054662,6.842197474969513,5.101302525030487,33.55294407981175
-93.6238107412466,30.693957488923004,75120500151,19149.478414026165,10.899999618530272,21820.461220203488,0.299220823859145,0,Sabine River,13.9874,-28.36740913034559,-28.33103764380868,10.936371105067177,3.0510288949328217,31.41843802527841
-93.56751678821652,30.805120727082866,75120500161,19174.674269789997,14.90000057220459,21296.70257485465,0.185112985900607,0,Sabine River,16.7631,-28.2651891279303,-28.237908266477994,14.927281433656894,1.8358185663431072,30.101007694273406
-93.7097127744526,30.218981571657167,75120500171,19503.295194003153,1.600000023841858,24738.224609375,0.0118361572794053,0,Sabine River,1.0923,-28.61113230454536,-28.524576935872346,1.6865553925148724,-0.5942553925148724,28.01687691203049
