site_no,station_nm,dec_lat_va,dec_long_va,alt_datum_cd,alt_va_m,alt_navd88_m,conversion,shift_m
01513831,SUSQUEHANNA RIVER AT OWEGO NY,42.09613889,-76.2656944,NAVD88,236.55223200000003,236.55223200000003,unchanged,0.0
01515000,SUSQUEHANNA RIVER NEAR WAVERLY NY,41.98494444,-76.50125,NAVD88,226.701096,226.701096,unchanged,0.0
01531500,"Susquehanna River at Towanda, PA",41.76535278,-76.4407743,NAVD88,211.43976000000004,211.43976000000004,unchanged,0.0
01533400,"Susquehanna River at Meshoppen, PA",41.60729826,-76.0502031,NAVD88,182.60568,182.60568,unchanged,0.0
01536500,"Susquehanna River at Wilkes-Barre, PA",41.2509149,-75.8807518,NAVD88,155.71012800000003,155.71012800000003,unchanged,0.0
01538700,"Susquehanna River at Bloomsburg, PA",40.9939757,-76.4399451,NAVD88,137.355072,137.355072,unchanged,0.0
01540500,"Susquehanna River at Danville, PA",40.95814218,-76.6191222,NAVD88,131.22859200000002,131.22859200000002,unchanged,0.0
01549760,"WB Susquehanna River at Jersey Shore, PA",41.20222816,-77.251061,NAVD88,156.222192,156.222192,unchanged,0.0
01551500,"WB Susquehanna River at Williamsport, PA",41.23611599,-76.996608,NAVD88,150.653496,150.653496,unchanged,0.0
01553025,"West Branch Susquehanna River at Allenwood, PA",41.10805556,-76.89,NAVD88,134.47776,134.47776,unchanged,0.0
01553500,"West Branch Susquehanna River at Lewisburg, PA",40.96750719,-76.8763277,NAVD88,130.28676000000002,130.28676000000002,unchanged,0.0
01570500,"Susquehanna River at Harrisburg, PA",40.25473717,-76.8860538,NAVD88,88.190832,88.190832,unchanged,0.0
01573560,"Swatara Creek near Hershey, PA",40.298425,-76.667747,NAVD88,99.1362,99.1362,unchanged,0.0
01573600,"Swatara Creek at Middletown, PA",40.1925531,-76.7279083,(none),,,no alt_va / coordinates,
01576000,"Susquehanna River at Marietta, PA",40.0545413,-76.5307992,NGVD29,61.130688000000006,60.88192063660621,converted ngvd29 -> navd88,-0.2487673633937959
02087500,"NEUSE RIVER NEAR CLAYTON, NC",35.6472222,-78.4052778,NAVD88,38.862,38.862,unchanged,0.0
02087570,"NEUSE RIVER AT SMITHFIELD, NC",35.5125,-78.3494444,NAVD88,29.961840000000002,29.961840000000002,unchanged,0.0
02089000,"NEUSE RIVER NEAR GOLDSBORO, NC",35.3375,-77.9975,NAVD88,12.77112,12.77112,unchanged,0.0
02089500,"NEUSE RIVER AT KINSTON, NC",35.25777778,-77.5855556,NAVD88,2.95656,2.95656,unchanged,0.0
02131210,"PEE DEE RIVER AT US378 ABOVE POSTON, SC",33.9035833,-79.4358056,NAVD88,0.573024,0.573024,unchanged,0.0
02135200,"PEE DEE RIVER AT HWY 701 NR BUCKSPORT, SC",33.6610024,-79.1544874,NAVD88,-2.69748,-2.69748,unchanged,0.0
02292900,"CALOOSAHATCHEE RIVER AT S-79, NR.OLGA, FLA",26.72173357,-81.69318057,NAVD88,-0.42672,-0.42672,unchanged,0.0
022929176,"TELEGRAPH CREEK AT STATE HIGHWAY AT OLGA, FL",26.72735833,-81.7034528,(none),,,no alt_va / coordinates,
03182890,"GREENBRIER RIVER AT CALDWELL, WV",37.78213889,-80.3975278,NAVD88,509.13792000000007,509.13792000000007,unchanged,0.0
03182970,"GREENBRIER RIVER AT RONCEVERTE, WV",37.74488889,-80.4685556,NAVD88,499.5672,499.5672,unchanged,0.0
03183500,"GREENBRIER RIVER AT ALDERSON, WV",37.7242874,-80.641468,NAVD88,466.03920000000005,466.03920000000005,unchanged,0.0
03184000,"GREENBRIER RIVER AT HILLDALE, WV",37.64012018,-80.805083,NAVD88,423.172128,423.172128,unchanged,0.0
03292494,"OHIO RIVER AT WATER TOWER AT LOUISVILLE, KY",38.28116655,-85.70217636,NAVD88,123.95606400000001,123.95606400000001,unchanged,0.0
03293551,"OHIO R US OF MCALPINE DAM @ RRB AT LOUISVILLE, KY",38.26590376,-85.7688518,NAVD88,123.95606400000001,123.95606400000001,unchanged,0.0
03294500,"OHIO RIVER AT LOUISVILLE, KY",38.28034736,-85.7991305,NGVD29,113.745264,113.59874862266402,converted ngvd29 -> navd88,-0.1465153773359873
03294560,"OHIO RIVER BELOW RIVERVIEW PK NR LOUISVILLE, KY",38.1347111,-85.9012306,NAVD88,113.48008800000001,113.48008800000001,unchanged,0.0
03294600,"OHIO RIVER AT KOSMOSDALE, KY",38.03478149,-85.9141277,NGVD29,113.61420000000001,113.48176293622808,converted ngvd29 -> navd88,-0.1324370637719312
03611000,"OHIO RIVER AT PADUCAH, KY",37.0895004,-88.594492,NAVD88,87.008208,87.008208,unchanged,0.0
03612600,"OHIO RIVER AT OLMSTED, IL",37.17921867,-89.058404,NAVD88,84.774024,84.774024,unchanged,0.0
05062130,"RED RIVER OF THE NORTH NEAR GEORGETOWN, MN",47.092756,-96.818,NAVD88,253.6698,253.6698,unchanged,0.0
05064500,"RED RIVER OF THE NORTH AT HALSTAD, MN",47.351944,-96.843333,NAVD88,252.151896,252.151896,unchanged,0.0
05070000,"RED RIVER OF THE NORTH NEAR THOMPSON, ND",47.758889,-96.943611,NAVD88,237.679992,237.679992,unchanged,0.0
05082500,"RED RIVER OF THE NORTH AT GRAND FORKS, ND",47.926944,-97.028889,NAVD88,237.744,237.744,unchanged,0.0
05083500,"RED RIVER OF THE NORTH AT OSLO, MN",48.193889,-97.140278,NAVD88,235.832904,235.832904,unchanged,0.0
05585500,"ILLINOIS RIVER AT MEREDOSIA, IL",39.83116667,-90.5598333,NAVD88,127.30886400000001,127.30886400000001,unchanged,0.0
05586100,"ILLINOIS RIVER AT VALLEY CITY, IL",39.70319444,-90.6430833,NAVD88,127.30886400000001,127.30886400000001,unchanged,0.0
05586300,"ILLINOIS RIVER AT FLORENCE, IL",39.63275,-90.6076667,NAVD88,123.279408,123.279408,unchanged,0.0
06482848,"BEAVER CREEK AT CANTON, SD",43.286667,-96.596111,NAVD88,369.253008,369.253008,unchanged,0.0
06483950,"BIG SIOUX RIVER NEAR HAWARDEN, IA",43.051389,-96.489444,NAVD88,350.468184,350.468184,unchanged,0.0
06485500,"BIG SIOUX RIVER AT AKRON, IA",42.8375091,-96.5619306,NAVD88,341.232744,341.232744,unchanged,0.0
06485910,"BIG SIOUX RIVER NEAR JEFFERSON, SD",42.626389,-96.515278,NAVD88,326.10856800000005,326.10856800000005,unchanged,0.0
06485950,"BIG SIOUX RIVER AT SIOUX CITY,  IA",42.524444,-96.480194,NAVD88,323.100192,323.100192,unchanged,0.0
06807000,"Missouri River at Nebraska City, NE",40.68180556,-95.8470833,NAVD88,276.02992800000004,276.02992800000004,unchanged,0.0
06808500,"West Nishnabotna River at Randolph, IA",40.87327778,-95.5814444,NAVD88,284.616144,284.616144,unchanged,0.0
06810000,"Nishnabotna River above Hamburg, IA",40.60119444,-95.6445,NAVD88,271.976088,271.976088,unchanged,0.0
06810070,"Missouri River at Brownville, NE",40.39819444,-95.6536667,NAVD88,262.11276000000004,262.11276000000004,unchanged,0.0
06813500,"Missouri River at Rulo, NE",40.05205556,-95.42175,NAVD88,255.471168,255.471168,unchanged,0.0
06817500,"Nodaway River near Burlington Junction, MO",40.44491667,-95.0903056,NAVD88,271.36953600000004,271.36953600000004,unchanged,0.0
06817700,"Nodaway River near Graham, MO",40.20252778,-95.0695833,NAVD88,259.768848,259.768848,unchanged,0.0
06818000,"Missouri River at St. Joseph, MO",39.75325,-94.8568333,NAVD88,240.56949600000002,240.56949600000002,unchanged,0.0
06818300,"MISSOURI R AT ATCHISON, KS",39.5597222,-95.1138889,(none),,,no alt_va / coordinates,
06820475,"Missouri River at Leavenworth, KS",39.3269722,-94.9095,NAVD88,226.77120000000002,226.77120000000002,unchanged,0.0
06894650,"Missouri River at Napoleon, MO",39.1336111,-94.0638889,NAVD88,207.30667200000002,207.30667200000002,unchanged,0.0
06895500,"Missouri River at Waverly, MO",39.2150194,-93.5152118,NAVD88,196.952616,196.952616,unchanged,0.0
07019130,"Meramec River at Valley Park, MO",38.5466111,-90.4850278,NAVD88,119.24385600000001,119.24385600000001,unchanged,0.0
07019210,"Meramec River at Fenton, MO",38.5122222,-90.4313889,NAVD88,116.665248,116.665248,unchanged,0.0
07019300,"Meramec River at Arnold, MO",38.45741667,-90.3604167,NAVD88,113.67516,113.67516,unchanged,0.0
07020850,"Mississippi River at Cape Girardeau, MO",37.30188889,-89.518,NAVD88,92.741496,92.741496,unchanged,0.0
07022000,"Mississippi River at Thebes, IL",37.22025,-89.4631667,NAVD88,91.34856,91.34856,unchanged,0.0
07074850,"White River near Augusta, AR",35.29444444,-91.3941667,NAVD88,51.730656,51.730656,unchanged,0.0
07076750,"White River at Georgetown, AR",35.12888889,-91.4497222,NAVD88,51.91963200000001,51.91963200000001,unchanged,0.0
07077000,"White River at DeValls Bluff, AR",34.79444444,-91.4447222,NAVD88,46.63135200000001,46.63135200000001,unchanged,0.0
07258000,"Arkansas River at Dardanelle, AR",35.2261111,-93.1494444,NAVD88,85.353144,85.353144,unchanged,0.0
07260800,"Arkansas River near Morrilton, AR",35.12694444,-92.7316667,NAVD88,77.970888,77.970888,unchanged,0.0
07364535,"Ouachita River at Sterlington, LA",32.69624876,-92.0867999,NAVD88,-0.368808,-0.368808,unchanged,0.0
07367005,"Ouachita River at West Monroe, LA",32.50027778,-92.1197222,NAVD88,9.38784,9.38784,unchanged,0.0
08026290,"Sabine Rv at CR 2082 nr Burkeville, TX",30.96949167,-93.5721778,NAVD88,0.0,0.0,unchanged,0.0
08028500,"Sabine Rv nr Bon Wier, TX",30.74714557,-93.608508,NGVD29,10.186416000000001,10.140163015081061,converted ngvd29 -> navd88,-0.04625298491894014
08030500,"Sabine Rv nr Ruliff, TX",30.30381684,-93.7437784,NAVD88,-2.313432,-2.313432,unchanged,0.0
08030530,"Sabine Rv at I-10 nr Orange, TX",30.127725,-93.7017833,NAVD88,0.0,0.0,unchanged,0.0
08040600,"Neches Rv nr Town Bluff, TX",30.79103579,-94.1510237,NGVD29,0.0,-0.0005436898226845378,converted ngvd29 -> navd88,-0.0005436898226845378
08041000,"Neches Rv at Evadale, TX",30.35576944,-94.0932566,NAVD88,2.023872,2.023872,unchanged,0.0
08041780,"Neches Rv Saltwater Barrier at Beaumont, TX",30.156878,-94.1143469,NAVD88,0.030480000000000004,0.030480000000000004,unchanged,0.0
08114000,"Brazos Rv at Richmond, TX",29.5824589,-95.7577275,NAVD88,8.147304,8.147304,unchanged,0.0
08114100,"Brazos Rv nr Sugar Land, TX",29.56768889,-95.6681417,NAVD88,0.0,0.0,unchanged,0.0
08116650,"Brazos Rv nr Rosharon, TX",29.34968614,-95.5824635,NAVD88,-0.36576000000000003,-0.36576000000000003,unchanged,0.0
08116850,"Brazos Rv nr West Columbia, TX",29.1444131,-95.6060571,NAVD88,0.0,0.0,unchanged,0.0
08159500,"Colorado Rv at Smithville, TX",30.01272074,-97.1619321,NAVD88,82.34172,82.34172,unchanged,0.0
08160400,"Colorado Rv abv La Grange, TX",29.9124474,-96.9038699,NAVD88,63.998856,63.998856,unchanged,0.0
08161000,"Colorado Rv at Columbus, TX",29.7063454,-96.5369155,NAVD88,44.39412,44.39412,unchanged,0.0
08161400,"LCRA Colorado Rv nr Altair, TX",29.58,-96.4172222,NAVD88,39.727632,39.727632,unchanged,0.0
08161950,"LCRA Colorado Rv nr Glen Flora, TX",29.33613889,-96.1980556,NAVD88,0.0,0.0,unchanged,0.0
370000089094501,"OHIO RIVER AT CAIRO, IL (CORPS)",37.00007593,-89.16256359,NGVD29,82.43925600000001,82.5608224583702,converted ngvd29 -> navd88,0.12156645837018232
