reach_id,n_gauges,upstream_gauge_id,onreach_gauge_id,downstream_gauge_id,max_span_km,river_name,lat,lon,fimbench_id,fimbench_tier,n_fimbench,fimbench_huc8,up_dist_km,dn_dist_km,all_gauge_ids,swot_obs,mean_width_m,iris_slope_m_per_m,iris_slope_source,hand_runnable,has_iris,full_stack
74267300231,3,03294500,03294560,03294600,29.28,Ohio River,38.13499,-85.90368,Tier_1/AI_20250412_854320W381510N/AI_0_2m_20250412_854320W381510N_BM,Tier_1,1,05140101,20.63,10.44,03294500;03294560;03294600,4,494.0,1.083982208190764e-05,1_iris_v2.6,True,True,True
74268800051,3,03182970,03183500,03184000,31.65,Greenbrier River,37.72616,-80.61559,HWM/HWM_20160623_20160625_803841W374337N/HWM_10_0m_20160623_20160625_803841W374337N_BM,HWM,1,05050003,20.31,42.26,03182970;03183500;03184000,2,60.0,0.00175303885441,2_sword_v16,True,True,True
74268800071,3,03182890,03182970,03183500,22.25,Greenbrier River,37.73905,-80.48064,HWM/HWM_20160623_20160625_802806W374424N/HWM_10_0m_20160623_20160625_802806W374424N_BM,HWM,1,05050003,18.7,20.31,03182890;03182970;03183500,2,48.0,0.0011847517219197,1_iris_v2.6,True,True,True
74293300041,3,06818000,06818300,06820475,47.98,Missouri River,39.52461,-95.09407,Tier_3/S1A_20190615T00210_945942W393150N/S1A_9_0m_20190615T00210_945942W393150N_BM,Tier_3,1,10240011;10270104,42.14,34.72,06818000;06818300;06820475,2,246.0,0.0001653487873119,1_iris_v2.6,True,True,True
74295200071,3,06483950,06485500,06485910,47.53,Big Sioux River,42.81778,-96.58607,Tier_3/S1A_20190919T00215_963409W424227N/S1A_9_1m_20190919T00215_963409W424227N_BM;Tier_2/PSS_20190919T165541_963700W424518N/PSS_1_0m_20190919T165541_963700W424518N_BM;Tier_2/PSS_20240623T172530_962650W425825N/PSS_3_0m_20240623T172530_962650W425825N_BM,Tier_3;Tier_2,3,10170203;10170203;10170204;10230002,44.96,54.11,06483950;06485500;06485910,2,45.0,0.0002606022987268,1_iris_v2.6,True,True,True
75161000081,3,08114100,08116650,08116850,47.29,Brazos River,29.35372,-95.57785,Tier_1/AI_20170903_953036W293058N/AI_0_3m_20170903_953036W293058N_BM,Tier_1,1,12040205;12070104,39.7,39.74,08114100;08116650;08116850,2,121.0,0.0001609210399567,1_iris_v2.6,True,True,True
75161000101,3,08114000,08114100,08116650,30.9,Brazos River,29.54705,-95.62992,Tier_1/AI_20170903_953036W293058N/AI_0_3m_20170903_953036W293058N_BM,Tier_1,1,12040205;12070104,19.86,39.7,08114000;08114100;08116650,2,148.0,0.000211423820072,1_iris_v2.6,True,True,True
74295200031,3,06485500,06485910,06485950,35.62,Big Sioux River,42.61035,-96.51415,Tier_3/S1A_20190919T00215_963409W424227N/S1A_9_1m_20190919T00215_963409W424227N_BM,Tier_3,1,10170203,54.11,18.54,06485500;06485910;06485950,1,42.0,0.0004410697533787,1_iris_v2.6,True,True,True
73160400041,3,01549760,01551500,01553025,31.86,West Branch Susquehanna River,41.23453,-76.94404,HWM/HWM_20110906_20110912_765944W411532N/HWM_10_0m_20110906_20110912_765944W411532N_BM,HWM,1,02050206,28.86,28.73,01549760;01551500;01553025,2,156.0,,,False,False,False
73160700011,3,01513831,01515000,01531500,39.71,North Branch Susquehanna River,42.01498,-76.46509,HWM/HWM_20110906_20110912_763104W415811N/HWM_10_0m_20110906_20110912_763104W415811N_BM,HWM,1,02050103;02050105,20.82,38.45,01513831;01515000;01531500,2,96.0,,,False,False,False
74267300251,2,03293551,,03294500,3.08,Ohio River,38.27356,-85.79586,Tier_1/AI_20250412_854320W381510N/AI_0_2m_20250412_854320W381510N_BM,Tier_1,1,05140101,0.0,-0.0,03294500;03293551,4,720.0,3.574384539782085e-05,1_iris_v2.6,True,True,True
74293400041,2,06817500,,06817700,27.21,Nodaway River,40.33256,-95.08333,Tier_3/S1A_20190529T00130_952601W402014N/S1A_9_5m_20190529T00130_952601W402014N_BM,Tier_3,1,10240001;10240002;10240003;10240004;10240005;10240006;10240008;10240010,19.21,19.25,06817500;06817700,4,63.0,0.0003913778757927,1_iris_v2.6,True,True,True
71226500211,2,05082500,,05083500,30.6,Red River Of The North,48.03844,-97.07092,Tier_1/AI_20110414_970623W475915N/AI_0_5m_20110414_970623W475915N_BM,Tier_1,1,09020301;09020303;09020306;09020307,11.11,30.46,05082500;05083500,3,84.0,5.0791699816706465e-05,1_iris_v2.6,True,True,True
71226700011,2,05070000,,05082500,19.63,Red River Of The North,47.87181,-97.01488,Tier_1/AI_20110414_970623W475915N/AI_0_5m_20110414_970623W475915N_BM,Tier_1,1,09020301;09020303;09020306;09020307,20.21,16.96,05070000;05082500,3,63.0,4.013649008073813e-05,1_iris_v2.6,True,True,True
73160100141,2,01570500,,01576000,37.46,Susquehanna River,40.11847,-76.70599,HWM/HWM_20110906_20110912_764019W401829N/HWM_10_0m_20110906_20110912_764019W401829N_BM,HWM,1,02050305,18.23,19.59,01570500;01576000,3,1089.0,0.0004164382201825,1_iris_v2.6,True,True,True
73160100231,2,01573560,,01573600,12.9,Swatara Creek,40.27069,-76.71089,HWM/HWM_20110906_20110912_764019W401829N/HWM_10_0m_20110906_20110912_764019W401829N_BM,HWM,1,02050305,0.39,12.39,01573560;01573600,3,42.0,0.0005887086299958,1_iris_v2.6,True,True,True
73160500031,2,01538700,,01540500,15.49,North Branch Susquehanna River,40.94972,-76.49907,HWM/HWM_20110906_20110912_762710W410059N/HWM_10_0m_20110906_20110912_762710W410059N_BM,HWM,1,02050107,12.32,10.58,01538700;01540500,3,300.0,0.0004093397241398,1_iris_v2.6,True,True,True
73160500041,2,,01538700,01540500,15.49,North Branch Susquehanna River,41.00553,-76.399,HWM/HWM_20110906_20110912_762710W410059N/HWM_10_0m_20110906_20110912_762710W410059N_BM,HWM,1,02050107,,22.91,01538700;01540500,3,574.0,0.0001730942223324,1_iris_v2.6,True,True,True
73160500101,2,01533400,,01536500,42.29,North Branch Susquehanna River,41.3289,-75.80291,HWM/HWM_20110906_20110912_754847W411842N/HWM_10_0m_20110906_20110912_754847W411842N_BM,HWM,1,02050107,56.71,10.2,01533400;01536500,3,212.0,0.0002020038309697,1_iris_v2.6,True,True,True
73160500111,2,01533400,,01536500,42.29,North Branch Susquehanna River,41.39765,-75.83084,HWM/HWM_20110906_20110912_754847W411842N/HWM_10_0m_20110906_20110912_754847W411842N_BM,HWM,1,02050107,46.44,20.47,01533400;01536500,3,216.0,0.0004338731367275,1_iris_v2.6,True,True,True
73216000091,2,,02089000,02089500,38.2,Neuse River,35.30291,-77.94625,Tier_2/PSS_20161014T150759_780013W352043N/PSS_3_1m_20161014T150759_780013W352043N_BM;HWM/HWM_20160928_20161009_780051W352232N/HWM_10_0m_20160928_20161009_780051W352232N_BM,Tier_2;HWM,2,03020201;03020202,,54.67,02089000;02089500,3,42.0,8.237340975829894e-05,1_iris_v3.3,True,True,True
74267300261,2,,03292494,03294500,8.4,Ohio River,38.30456,-85.67971,Tier_1/AI_20250412_854320W381510N/AI_0_2m_20250412_854320W381510N_BM,Tier_1,1,05140101,,15.18,03292494;03294500,3,660.0,2.2904816045574897e-05,1_iris_v2.6,True,True,True
74293300061,2,06818000,,06818300,30.79,Missouri River,39.6557,-95.02678,Tier_3/S1A_20190615T00210_945942W393150N/S1A_9_0m_20190615T00210_945942W393150N_BM,Tier_3,1,10240011;10270104,21.27,20.87,06818000;06818300,3,270.0,0.0001859496105263,1_iris_v2.6,True,True,True
74293300071,2,06818000,,06818300,30.79,Missouri River,39.72151,-94.9685,Tier_3/S1A_20190615T00210_945942W393150N/S1A_9_0m_20190615T00210_945942W393150N_BM,Tier_3,1,10240011;10270104,10.6,31.54,06818000;06818300,3,256.0,0.0001318702609752,1_iris_v2.6,True,True,True
74295200051,2,06485500,,06485910,23.9,Big Sioux River,42.7008,-96.61477,Tier_3/S1A_20190919T00215_963409W424227N/S1A_9_1m_20190919T00215_963409W424227N_BM;Tier_2/PSS_20190919T165541_963700W424518N/PSS_1_0m_20190919T165541_963700W424518N_BM;Tier_2/PSS_20240623T172530_962650W425825N/PSS_3_0m_20240623T172530_962650W425825N_BM,Tier_3;Tier_2,3,10170203;10170203;10170204;10230002,26.62,27.49,06485500;06485910,3,42.0,0.0002154948523461,1_iris_v2.6,True,True,True
74295200061,2,06485500,,06485910,23.9,Big Sioux River,42.76128,-96.62722,Tier_3/S1A_20190919T00215_963409W424227N/S1A_9_1m_20190919T00215_963409W424227N_BM;Tier_2/PSS_20190919T165541_963700W424518N/PSS_1_0m_20190919T165541_963700W424518N_BM;Tier_2/PSS_20240623T172530_962650W425825N/PSS_3_0m_20240623T172530_962650W425825N_BM,Tier_3;Tier_2,3,10170203;10170203;10170204;10230002,15.62,38.49,06485500;06485910,3,48.0,0.000259892143585,1_iris_v2.6,True,True,True
74295200151,2,,06482848,06483950,27.66,Big Sioux River,43.28629,-96.57266,Tier_2/PSS_20240624T164337_963354W431528N/PSS_3_2m_20240624T164337_963354W431528N_BM,Tier_2,1,10170203,,49.2,06482848;06483950,3,42.0,0.0003778220821658,1_iris_v2.6,True,True,True
75120500061,2,08030500,,08030530,19.96,Sabine River,30.17301,-93.69437,HWM/HWM_20170817_20170901_940714W300838N/HWM_10_0m_20170817_20170901_940714W300838N_BM,HWM,1,08080205;08080206;12010005;12020003;12020006;12020007;12030203;12040201;12040202,37.47,2.18,08030500;08030530,3,85.5,0.0001839125458579,1_iris_v2.6,True,True,True
75120500071,2,08030500,,08030530,19.96,Sabine River,30.22289,-93.68008,HWM/HWM_20170817_20170901_940714W300838N/HWM_10_0m_20170817_20170901_940714W300838N_BM,HWM,1,08080205;08080206;12010005;12020003;12020006;12020007;12030203;12040201;12040202,26.05,13.6,08030500;08030530,3,54.0,7.170759182501073e-05,1_iris_v2.6,True,True,True
75120500081,2,08030500,,08030530,19.96,Sabine River,30.28652,-93.70674,HWM/HWM_20170817_20170901_940714W300838N/HWM_10_0m_20170817_20170901_940714W300838N_BM,HWM,1,08080205;08080206;12010005;12020003;12020006;12020007;12030203;12040201;12040202,10.08,29.57,08030500;08030530,3,58.5,0.0001298078631981,1_iris_v2.6,True,True,True
75181000271,2,,08161000,08161400,18.18,Colorado River,29.70001,-96.51872,Tier_2/PSS_20170830T173000_962445W293624N/PSS_3_0m_20170830T173000_962445W293624N_BM,Tier_2,1,12090302;12090401,,38.93,08161000;08161400,3,67.0,0.0003787527730412,2_sword_v16,True,True,True
75181000281,2,08160400,,08161000,42.18,Colorado River,29.72063,-96.58533,Tier_2/PSS_20170830T162251_964235W294719N/PSS_3_1m_20170830T162251_964235W294719N_BM,Tier_2,1,12090301,56.38,14.49,08160400;08161000,3,65.0,0.0003340023386332,1_iris_v2.6,True,True,True
71226700061,2,05064500,,05070000,45.59,Red River Of The North,47.56927,-96.85587,Tier_1/AI_20110412_965145W472341N/AI_0_5m_20110412_965145W472341N_BM,Tier_1,1,09020107;09020108;09020109;09020301,53.64,38.53,05064500;05070000,2,63.0,0.0001465912462798,1_iris_v2.6,True,True,True
73160100151,2,,01570500,01576000,37.46,Susquehanna River,40.21427,-76.82686,HWM/HWM_20110906_20110912_764019W401829N/HWM_10_0m_20110906_20110912_764019W401829N_BM,HWM,1,02050305,,37.82,01570500;01576000,2,1034.0,0.0001369317812867,1_iris_v2.6,True,True,True
73160100221,2,01573560,01573600,,12.9,Swatara Creek,40.21453,-76.72459,HWM/HWM_20110906_20110912_764019W401829N/HWM_10_0m_20110906_20110912_764019W401829N_BM,HWM,1,02050305,12.78,,01573560;01573600,2,48.0,0.0002097438689372,1_iris_v2.6,True,True,True
73216000161,2,02087570,,02089000,37.25,Neuse River,35.3577,-78.1588,Tier_2/PSS_20161014T150759_780013W352043N/PSS_3_1m_20161014T150759_780013W352043N_BM;HWM/HWM_20160928_20161009_780051W352232N/HWM_10_0m_20160928_20161009_780051W352232N_BM,Tier_2;HWM,2,03020201;03020202,50.44,45.71,02087570;02089000,2,45.0,8.581719938679838e-05,2_sword_v17b,True,True,True
73220500011,2,02131210,,02135200,37.47,Great Pee Dee River,33.69833,-79.19717,HWM/HWM_20180831_20180918_785518W334219N/HWM_10_0m_20180831_20180918_785518W334219N_BM,HWM,1,03040206;03040207;03040208,50.71,17.36,02131210;02135200,2,96.0,8.490461415527195e-05,1_iris_v3.3,True,True,True
74222700151,2,07364535,,07367005,22.07,Ouachita River,32.57981,-92.10383,HWM/HWM_20160308_20160313_920434W322919N/HWM_10_0m_20160308_20160313_920434W322919N_BM,HWM,1,08040202;08040206;08040207;08050001,38.07,9.51,07364535;07367005,2,150.0,0.0002210873617328,1_iris_v2.6,True,True,True
74222700141,2,07364535,07367005,,22.07,Ouachita River,32.49461,-92.12617,HWM/HWM_20160308_20160313_920434W322919N/HWM_10_0m_20160308_20160313_920434W322919N_BM,HWM,1,08040202;08040206;08040207;08050001,47.58,,07364535;07367005,2,150.0,1.4707812426744688e-05,1_iris_v2.6,True,True,True
74252300061,2,07076750,,07077000,37.42,White River,34.90603,-91.45328,Tier_1/AI_20160103_912407W345941N/AI_0_5m_20160103T4_912407W345941N_BM,Tier_1,1,08020301;08020302;08020303;11010013;11010014,50.31,20.14,07076750;07077000,2,166.0,7.635558770501239e-05,1_iris_v2.6,True,True,True
74252300071,2,07076750,,07077000,37.42,White River,34.96586,-91.48082,Tier_1/AI_20160103_912407W345941N/AI_0_5m_20160103T4_912407W345941N_BM,Tier_1,1,08020301;08020302;08020303;11010013;11010014,40.28,30.17,07076750;07077000,2,190.0,4.432596126290224e-05,1_iris_v2.6,True,True,True
74252300081,2,07076750,,07077000,37.42,White River,35.0193,-91.47693,Tier_1/AI_20160103_912407W345941N/AI_0_5m_20160103T4_912407W345941N_BM,Tier_1,1,08020301;08020302;08020303;11010013;11010014,30.2,40.25,07076750;07077000,2,195.0,8.286676083369543e-05,1_iris_v2.6,True,True,True
74252300091,2,07076750,,07077000,37.42,White River,35.05522,-91.45731,Tier_1/AI_20160103_912407W345941N/AI_0_5m_20160103T4_912407W345941N_BM,Tier_1,1,08020301;08020302;08020303;11010013;11010014,20.14,50.31,07076750;07077000,2,177.5,6.834552890944101e-05,1_iris_v2.6,True,True,True
74252300111,2,07074850,07076750,,19.19,White River,35.12777,-91.44361,Tier_1/AI_20160103_912407W345941N/AI_0_5m_20160103T4_912407W345941N_BM,Tier_1,1,08020301;08020302;08020303;11010013;11010014,53.83,,07074850;07076750,2,203.0,5.361789786472656e-05,1_iris_v3.3,True,True,True
74252300121,2,07074850,,07076750,19.19,White River,35.16488,-91.44101,Tier_1/AI_20160103_912407W345941N/AI_0_5m_20160103T4_912407W345941N_BM,Tier_1,1,08020301;08020302;08020303;11010013;11010014,43.76,10.06,07074850;07076750,2,181.0,4.925946812235467e-05,1_iris_v3.3,True,True,True
74252500011,2,07074850,,07076750,19.19,White River,35.19687,-91.40252,Tier_1/AI_20160103_912407W345941N/AI_0_5m_20160103T4_912407W345941N_BM,Tier_1,1,08020301;08020302;08020303;11010013;11010014,31.71,22.12,07074850;07076750,2,127.0,6.240758211225303e-05,1_iris_v3.3,True,True,True
74252500021,2,07074850,,07076750,19.19,White River,35.22155,-91.38432,Tier_1/AI_20160103_912407W345941N/AI_0_5m_20160103T4_912407W345941N_BM,Tier_1,1,08020301;08020302;08020303;11010013;11010014,19.67,34.16,07074850;07076750,2,138.0,6.612232808982353e-05,1_iris_v3.3,True,True,True
74252500031,2,07074850,,07076750,19.19,White River,35.26428,-91.3789,Tier_1/AI_20160103_912407W345941N/AI_0_5m_20160103T4_912407W345941N_BM,Tier_1,1,08020301;08020302;08020303;11010013;11010014,9.83,44.0,07074850;07076750,2,137.0,6.938169897610858e-05,1_iris_v3.3,True,True,True
74252500041,2,,07074850,07076750,19.19,White River,35.28849,-91.39411,Tier_1/AI_20160103_912407W345941N/AI_0_5m_20160103T4_912407W345941N_BM,Tier_1,1,08020301;08020302;08020303;11010013;11010014,,53.83,07074850;07076750,2,123.0,5.339098089563151e-05,1_iris_v3.3,True,True,True
74261000011,2,03612600,370000089094501,,22.07,Ohio River,37.03852,-89.16499,Tier_3/S1A_20170504T23553_891934W365313N/S1A_9_6m_20170504T23553_891934W365313N_BM;Tier_3/S1A_20190530T23555_892649W371820N/S1A_9_7m_20190530T23555_892649W371820N_BM,Tier_3,2,05140206;07140105;07140107;07140108;08010100;08010201;08010202;08010300;08020204;05140206;07140105;07140106;07140107;07140108;08010100;08010201;08010300;08020204,11.53,,03612600;370000089094501,2,1026.0,3.136661210544568e-05,1_iris_v2.6,True,True,True
74261000021,2,03612600,,370000089094501,22.07,Ohio River,37.13861,-89.0962,Tier_3/S1A_20170504T23553_891934W365313N/S1A_9_6m_20170504T23553_891934W365313N_BM;Tier_3/S1A_20190530T23555_892649W371820N/S1A_9_7m_20190530T23555_892649W371820N_BM,Tier_3,2,05140206;07140105;07140107;07140108;08010100;08010201;08010202;08010300;08020204;05140206;07140105;07140106;07140107;07140108;08010100;08010201;08010300;08020204,0.37,11.15,03612600;370000089094501,2,1129.0,3.556666622762348e-05,1_iris_v2.6,True,True,True
74261000041,2,03611000,,03612600,42.04,Ohio River,37.2153,-89.00266,Tier_3/S1A_20170504T23553_891934W365313N/S1A_9_6m_20170504T23553_891934W365313N_BM;Tier_3/S1A_20190530T23555_892649W371820N/S1A_9_7m_20190530T23555_892649W371820N_BM,Tier_3,2,05140206;07140105;07140107;07140108;08010100;08010201;08010202;08010300;08020204;05140206;07140105;07140106;07140107;07140108;08010100;08010201;08010300;08020204,38.97,11.51,03611000;03612600,2,1523.0,1.6598441370349414e-05,1_iris_v2.6,True,True,True
74270100061,2,07020850,07022000,,10.34,Mississippi River,37.23201,-89.47647,Tier_3/S1A_20170504T23553_891934W365313N/S1A_9_6m_20170504T23553_891934W365313N_BM;Tier_3/S1A_20190530T23555_892649W371820N/S1A_9_7m_20190530T23555_892649W371820N_BM,Tier_3,2,05140206;07140105;07140107;07140108;08010100;08010201;08010202;08010300;08020204;05140206;07140105;07140106;07140107;07140108;08010100;08010201;08010300;08020204,19.5,,07020850;07022000,2,768.0,0.0001192639392331,1_iris_v2.6,True,True,True
74270800011,2,07019210,07019300,,8.68,Meramec River,38.43766,-90.34691,HWM/HWM_20151226_20160105_902656W383031N/HWM_10_0m_20151226_20160105_902656W383031N_BM,HWM,1,07140102,30.5,,07019210;07019300,2,92.0,6.49759172438893e-05,1_iris_v2.6,True,True,True
74270800021,2,07019210,,07019300,8.68,Meramec River,38.47329,-90.40824,HWM/HWM_20151226_20160105_902656W383031N/HWM_10_0m_20151226_20160105_902656W383031N_BM,HWM,1,07140102,18.37,12.13,07019210;07019300,2,84.0,7.799237454367439e-05,1_iris_v2.6,True,True,True
74270800031,2,07019130,,07019210,6.03,Meramec River,38.5408,-90.47589,HWM/HWM_20151226_20160105_902656W383031N/HWM_10_0m_20151226_20160105_902656W383031N_BM,HWM,1,07140102,0.0,-0.0,07019210;07019130,2,80.0,0.0001482431589099,1_iris_v2.6,True,True,True
74291900061,2,06894650,06895500,,47.84,Missouri River,39.23428,-93.50248,Tier_3/S1A_20190716T00124_933633W391434N/S1A_8_8m_20190716T00124_933633W391434N_BM,Tier_3,1,10300101,54.05,,06894650;06895500,2,351.0,7.26739596630928e-05,1_iris_v2.6,True,True,True
74291900071,2,06894650,,06895500,47.84,Missouri River,39.23062,-93.59084,Tier_3/S1A_20190716T00124_933633W391434N/S1A_8_8m_20190716T00124_933633W391434N_BM,Tier_3,1,10300101,43.67,10.39,06894650;06895500,2,327.0,0.0001629537482947,1_iris_v2.6,True,True,True
74291900081,2,06894650,,06895500,47.84,Missouri River,39.21796,-93.70088,Tier_3/S1A_20190716T00124_933633W391434N/S1A_8_8m_20190716T00124_933633W391434N_BM,Tier_3,1,10300101,32.07,21.99,06894650;06895500,2,360.0,0.0001520423796198,1_iris_v2.6,True,True,True
74291900091,2,06894650,,06895500,47.84,Missouri River,39.20763,-93.82095,Tier_3/S1A_20190716T00124_933633W391434N/S1A_8_8m_20190716T00124_933633W391434N_BM,Tier_3,1,10300101,20.5,33.56,06894650;06895500,2,321.0,0.0001428692133245,1_iris_v2.6,True,True,True
74293300051,2,06818000,,06818300,30.79,Missouri River,39.58592,-95.07066,Tier_3/S1A_20190615T00210_945942W393150N/S1A_9_0m_20190615T00210_945942W393150N_BM,Tier_3,1,10240011;10270104,31.69,10.45,06818000;06818300,2,270.0,0.0001922122379271,1_iris_v2.6,True,True,True
74293700011,2,06810070,06813500,,43.43,Missouri River,40.03072,-95.39553,Tier_3/S1A_20190529T00130_952601W402014N/S1A_9_5m_20190529T00130_952601W402014N_BM,Tier_3,1,10240001;10240002;10240003;10240004;10240005;10240006;10240008;10240010,53.82,,06810070;06813500,2,240.0,0.0001991250493718,1_iris_v2.6,True,True,True
74293700021,2,06810070,,06813500,43.43,Missouri River,40.15713,-95.43502,Tier_3/S1A_20190529T00130_952601W402014N/S1A_9_5m_20190529T00130_952601W402014N_BM,Tier_3,1,10240001;10240002;10240003;10240004;10240005;10240006;10240008;10240010,35.36,18.46,06810070;06813500,2,225.0,0.0001881934073092,1_iris_v2.6,True,True,True
74293700031,2,06810070,,06813500,43.43,Missouri River,40.24936,-95.52466,Tier_3/S1A_20190529T00130_952601W402014N/S1A_9_5m_20190529T00130_952601W402014N_BM,Tier_3,1,10240001;10240002;10240003;10240004;10240005;10240006;10240008;10240010,21.44,32.38,06810070;06813500,2,225.0,0.0002340249439794,1_iris_v2.6,True,True,True
74295200041,2,06485500,,06485910,23.9,Big Sioux River,42.66097,-96.55705,Tier_3/S1A_20190919T00215_963409W424227N/S1A_9_1m_20190919T00215_963409W424227N_BM;Tier_2/PSS_20190919T165541_963700W424518N/PSS_1_0m_20190919T165541_963700W424518N_BM,Tier_3;Tier_2,2,10170203,42.78,11.33,06485500;06485910,2,42.0,0.0002029230206015,1_iris_v2.6,True,True,True
74295200081,2,06483950,,06485500,24.61,Big Sioux River,42.85836,-96.547,Tier_2/PSS_20190919T165541_963700W424518N/PSS_1_0m_20190919T165541_963700W424518N_BM;Tier_2/PSS_20240623T172530_962650W425825N/PSS_3_0m_20240623T172530_962650W425825N_BM,Tier_2,2,10170203;10170203;10170204;10230002,34.86,10.1,06483950;06485500,2,51.0,0.0003843087811035,1_iris_v2.6,True,True,True
74295200091,2,06483950,,06485500,24.61,Big Sioux River,42.90491,-96.53663,Tier_2/PSS_20240623T172530_962650W425825N/PSS_3_0m_20240623T172530_962650W425825N_BM,Tier_2,1,10170203;10170204;10230002,24.73,20.22,06483950;06485500,2,45.0,0.0001658467030644,1_iris_v2.6,True,True,True
74295200101,2,06483950,,06485500,24.61,Big Sioux River,42.97127,-96.50939,Tier_2/PSS_20240623T172530_962650W425825N/PSS_3_0m_20240623T172530_962650W425825N_BM,Tier_2,1,10170203;10170204;10230002,11.19,33.77,06483950;06485500,2,54.0,0.0002625242866357,1_iris_v2.6,True,True,True
74295200111,2,,06483950,06485500,24.61,Big Sioux River,43.04851,-96.49825,Tier_2/PSS_20240623T172530_962650W425825N/PSS_3_0m_20240623T172530_962650W425825N_BM,Tier_2,1,10170203;10170204;10230002,,44.96,06483950;06485500,2,63.0,0.0002535625969868,1_iris_v2.6,True,True,True
75120400081,2,08041000,,08041780,22.18,Neches River,30.20478,-94.1097,HWM/HWM_20170817_20170901_940714W300838N/HWM_10_0m_20170817_20170901_940714W300838N_BM,HWM,1,08080205;08080206;12010005;12020003;12020006;12020007;12030203;12040201;12040202,19.24,19.28,08041000;08041780,2,89.0,4.2736019339135096e-05,1_iris_v3.3,True,True,True
75120400091,2,,08041000,08041780,22.18,Neches River,30.31127,-94.105,HWM/HWM_20170817_20170901_940714W300838N/HWM_10_0m_20170817_20170901_940714W300838N_BM,HWM,1,08080205;08080206;12010005;12020003;12020006;12020007;12030203;12040201;12040202,,38.52,08041000;08041780,2,84.0,0.0001532292001642,1_iris_v3.3,True,True,True
75120400111,2,08040600,,08041000,48.68,Neches River,30.51353,-94.08317,HWM/HWM_20170817_20170901_940714W300838N/HWM_10_0m_20170817_20170901_940714W300838N_BM,HWM,1,08080205;08080206;12010005;12020003;12020006;12020007;12030203;12040201;12040202,47.34,38.51,08040600;08041000,2,94.0,0.0001081889072165,1_iris_v3.3,True,True,True
75120400121,2,08040600,,08041000,48.68,Neches River,30.61984,-94.07399,HWM/HWM_20170817_20170901_940714W300838N/HWM_10_0m_20170817_20170901_940714W300838N_BM,HWM,1,08080205;08080206;12010005;12020003;12020006;12020007;12030203;12040201;12040202,28.13,57.73,08040600;08041000,2,96.0,0.0001226702028763,1_iris_v3.3,True,True,True
75120500091,2,,08030500,08030530,19.96,Sabine River,30.31806,-93.74911,HWM/HWM_20170817_20170901_940714W300838N/HWM_10_0m_20170817_20170901_940714W300838N_BM,HWM,1,08080205;08080206;12010005;12020003;12020006;12020007;12030203;12040201;12040202,,39.65,08030500;08030530,2,54.0,1.357011054138411e-19,2_sword_v16,True,True,True
75161000091,2,08114100,,08116650,25.55,Brazos River,29.48131,-95.55052,Tier_1/AI_20170903_953036W293058N/AI_0_3m_20170903_953036W293058N_BM,Tier_1,1,12040205;12070104,19.87,19.83,08114100;08116650,2,123.0,0.0001068107684957,1_iris_v2.6,True,True,True
75181000221,2,08161400,,08161950,34.39,Colorado River,29.48393,-96.38942,Tier_2/PSS_20170830T173000_962445W293624N/PSS_3_0m_20170830T173000_962445W293624N_BM,Tier_2,1,12090302;12090401,10.12,52.56,08161400;08161950,2,42.0,1.7850440846750205e-05,1_iris_v2.6,True,True,True
75181000251,2,08161000,,08161400,18.18,Colorado River,29.60094,-96.43845,Tier_2/PSS_20170830T173000_962445W293624N/PSS_3_0m_20170830T173000_962445W293624N_BM,Tier_2,1,12090302;12090401,29.19,9.73,08161000;08161400,2,63.0,0.0003405823320316,1_iris_v2.6,True,True,True
75181000261,2,08161000,,08161400,18.18,Colorado River,29.64688,-96.44212,Tier_2/PSS_20170830T173000_962445W293624N/PSS_3_0m_20170830T173000_962445W293624N_BM,Tier_2,1,12090302;12090401,19.45,19.48,08161000;08161400,2,67.0,0.0003296129300142,1_iris_v2.6,True,True,True
75181000301,2,08160400,,08161000,42.18,Colorado River,29.83223,-96.77076,Tier_2/PSS_20170830T162251_964235W294719N/PSS_3_1m_20170830T162251_964235W294719N_BM;Tier_3/S1A_20170829T00264_965148W295324N/S1A_9_4m_20170829T00264_965148W295324N_BM,Tier_2;Tier_3,2,12090301;12090301;12100102,21.02,49.84,08160400;08161000,2,60.0,0.0002386239888097,1_iris_v2.6,True,True,True
75181000321,2,08159500,08160400,,27.26,Colorado River,29.93001,-96.89415,Tier_3/S1A_20170829T00264_965148W295324N/S1A_9_4m_20170829T00264_965148W295324N_BM,Tier_3,1,12090301;12100102,56.69,,08159500;08160400,2,60.0,0.0002036030571882,1_iris_v2.6,True,True,True
75181000331,2,08159500,,08160400,27.26,Colorado River,29.96236,-96.92649,Tier_3/S1A_20170829T00264_965148W295324N/S1A_9_4m_20170829T00264_965148W295324N_BM,Tier_3,1,12090301;12100102,46.2,10.49,08159500;08160400,2,63.0,0.0002269871667102,1_iris_v2.6,True,True,True
75181000341,2,08159500,,08160400,27.26,Colorado River,29.97177,-96.97858,Tier_3/S1A_20170829T00264_965148W295324N/S1A_9_4m_20170829T00264_965148W295324N_BM,Tier_3,1,12090301;12100102,35.76,20.93,08159500;08160400,2,63.0,0.0001394866451646,1_iris_v2.6,True,True,True
71226700071,2,05064500,,05070000,45.59,Red River Of The North,47.51033,-96.85625,Tier_1/AI_20110412_965145W472341N/AI_0_5m_20110412_965145W472341N_BM,Tier_1,1,09020107;09020108;09020109;09020301,35.31,56.86,05064500;05070000,1,63.0,0.0001508503711187,1_iris_v2.6,True,True,True
71226700091,2,05062130,05064500,,28.74,Red River Of The North,47.36823,-96.84371,Tier_1/AI_20110412_965145W472341N/AI_0_5m_20110412_965145W472341N_BM,Tier_1,1,09020107;09020108;09020109;09020301,59.28,,05062130;05064500,1,60.0,0.0001259915066937,1_iris_v2.6,True,True,True
73160500201,2,01515000,,01531500,25.07,North Branch Susquehanna River,41.86719,-76.50268,HWM/HWM_20110906_20110912_763104W415811N/HWM_10_0m_20110906_20110912_763104W415811N_BM,HWM,1,02050103;02050105,19.21,19.24,01515000;01531500,1,123.0,0.0005147314702656,1_iris_v2.6,True,True,True
73216000171,2,02087570,,02089000,37.25,Neuse River,35.37791,-78.22271,HWM/HWM_20180831_20180918_782136W352113N/HWM_10_0m_20180831_20180918_782136W352113N_BM,HWM,1,03020201,40.34,55.81,02087570;02089000,1,42.0,3.989065336506454e-05,2_sword_v17b,True,True,True
73216000211,2,02087500,02087570,,15.89,Neuse River,35.54817,-78.32583,HWM/HWM_20160928_20161009_782214W352953N/HWM_10_0m_20160928_20161009_782214W352953N_BM,HWM,1,03020201,23.61,,02087500;02087570,1,42.0,0.0004037514975228,2_sword_v17b,True,True,True
73257400031,2,02292900,022929176,,1.2,Caloosahatchee River,26.72315,-81.71312,HWM/HWM_20220923_20220930_814408W264305N/HWM_10_0m_20220923_20220930_814408W264305N_BM,HWM,1,03090205,0.4,,02292900;022929176,1,150.0,0.0003356502103316,1_iris_v3.3,True,True,True
74282100101,2,05586100,,05586300,8.45,Illinois River,39.71295,-90.62386,Tier_1/AI_20160104_902358W395729N/AI_0_4m_20160104T1_902358W395729N_BM,Tier_1,1,07130003;07130008;07130011,0.0,-0.0,05586300;05586100,1,231.0,1.9412098206799392e-05,1_iris_v2.6,True,True,True
74282100111,2,,05585500,05586300,22.6,Illinois River,39.868,-90.57471,Tier_1/AI_20160104_902358W395729N/AI_0_4m_20160104T1_902358W395729N_BM,Tier_1,1,07130003;07130008;07130011,,19.57,05585500;05586300,1,192.0,2.3669735006527555e-05,1_iris_v2.6,True,True,True
74293700041,2,06810070,,06813500,43.43,Missouri River,40.3082,-95.61793,Tier_3/S1A_20190529T00130_952601W402014N/S1A_9_5m_20190529T00130_952601W402014N_BM,Tier_3,1,10240001;10240002;10240003;10240004;10240005;10240006;10240008;10240010,10.72,43.11,06810070;06813500,1,229.0,0.0001814549294388,1_iris_v2.6,True,True,True
74293800021,2,06808500,06810000,,30.93,Nishnabotna River,40.60791,-95.63766,Tier_3/S1A_20190529T00130_952601W402014N/S1A_9_5m_20190529T00130_952601W402014N_BM,Tier_3,1,10240001;10240002;10240003;10240004;10240005;10240006;10240008;10240010,31.84,,06808500;06810000,1,48.0,0.0001986764289054,1_iris_v2.6,True,True,True
74293800031,2,06808500,,06810000,30.93,Nishnabotna River,40.69559,-95.60136,Tier_3/S1A_20190529T00130_952601W402014N/S1A_9_5m_20190529T00130_952601W402014N_BM,Tier_3,1,10240001;10240002;10240003;10240004;10240005;10240006;10240008;10240010,21.21,10.63,06808500;06810000,1,36.0,0.0001235190817163,1_iris_v2.6,True,True,True
74293800041,2,06808500,,06810000,30.93,Nishnabotna River,40.78673,-95.59109,Tier_3/S1A_20190529T00130_952601W402014N/S1A_9_5m_20190529T00130_952601W402014N_BM,Tier_3,1,10240001;10240002;10240003;10240004;10240005;10240006;10240008;10240010,10.6,21.24,06808500;06810000,1,42.0,0.0004722492845191,1_iris_v2.6,True,True,True
74293900011,2,06807000,,06810070,35.68,Missouri River,40.51269,-95.71292,Tier_3/S1A_20190529T00130_952601W402014N/S1A_9_5m_20190529T00130_952601W402014N_BM,Tier_3,1,10240001;10240002;10240003;10240004;10240005;10240006;10240008;10240010,36.45,19.2,06807000;06810070,1,234.0,0.0001733565083404,1_iris_v2.6,True,True,True
74293900021,2,06807000,,06810070,35.68,Missouri River,40.55227,-95.76641,Tier_3/S1A_20190529T00130_952601W402014N/S1A_9_5m_20190529T00130_952601W402014N_BM,Tier_3,1,10240001;10240002;10240003;10240004;10240005;10240006;10240008;10240010,28.0,27.65,06807000;06810070,1,225.0,0.000197947352987,1_iris_v2.6,True,True,True
74293900031,2,06807000,,06810070,35.68,Missouri River,40.61611,-95.76202,Tier_3/S1A_20190529T00130_952601W402014N/S1A_9_5m_20190529T00130_952601W402014N_BM,Tier_3,1,10240001;10240002;10240003;10240004;10240005;10240006;10240008;10240010,19.54,36.11,06807000;06810070,1,234.0,0.000177336502916,1_iris_v2.6,True,True,True
75181000351,2,08159500,,08160400,27.26,Colorado River,29.97028,-97.03639,Tier_3/S1A_20170829T00264_965148W295324N/S1A_9_4m_20170829T00264_965148W295324N_BM,Tier_3,1,12090301;12100102,24.78,31.9,08159500;08160400,1,63.0,0.000260614856721,1_iris_v2.6,True,True,True
75181000361,2,08159500,,08160400,27.26,Colorado River,30.00094,-97.08905,Tier_3/S1A_20170829T00264_965148W295324N/S1A_9_4m_20170829T00264_965148W295324N_BM,Tier_3,1,12090301;12100102,13.84,42.85,08159500;08160400,1,63.0,0.0003167094145403,1_iris_v2.6,True,True,True
74267300241,2,03294500,,03294560,18.57,Ohio River,38.21793,-85.85473,Tier_1/AI_20250412_854320W381510N/AI_0_2m_20250412_854320W381510N_BM,Tier_1,1,05140101,10.27,10.36,03294500;03294560,4,466.0,,,False,False,False
73160400011,2,01553025,01553500,,15.78,West Branch Susquehanna River,40.93774,-76.85336,HWM/HWM_20110906_20110912_765111W405708N/HWM_10_0m_20110906_20110912_765111W405708N_BM,HWM,1,02050206,18.59,,01553025;01553500,3,303.0,,,False,False,False
73216000081,2,02089000,,02089500,38.2,Neuse River,35.24567,-77.87938,Tier_2/PSS_20161014T150759_780013W352043N/PSS_3_1m_20161014T150759_780013W352043N_BM,Tier_2,1,03020201;03020202,16.61,38.06,02089000;02089500,3,42.0,,,False,False,False
74241500041,2,07258000,07260800,,39.33,Arkansas River,35.11834,-92.7288,Tier_1/AI_20160103_923809W350109N/AI_0_4m_20160103_923809W350109N_BM,Tier_1,1,11110203;11110205;11110206;11110207,45.09,,07258000;07260800,3,339.0,,,False,False,False
74241500061,2,07258000,,07260800,39.33,Arkansas River,35.14796,-92.84054,Tier_1/AI_20160103_923809W350109N/AI_0_4m_20160103_923809W350109N_BM,Tier_1,1,11110203;11110205;11110206;11110207,30.72,14.37,07258000;07260800,3,579.0,,,False,False,False
74293300021,2,06818300,,06820475,31.37,Missouri River,39.39131,-94.92964,Tier_3/S1A_20190615T00210_945942W393150N/S1A_9_0m_20190615T00210_945942W393150N_BM,Tier_3,1,10240011;10270104,20.89,13.83,06818300;06820475,3,256.0,,,False,False,False
75120500171,2,08030500,,08030530,19.96,Sabine River,30.21898,-93.70971,HWM/HWM_20170817_20170901_940714W300838N/HWM_10_0m_20170817_20170901_940714W300838N_BM,HWM,1,08080205;08080206;12010005;12020003;12020006;12020007;12030203;12040201;12040202,20.15,19.5,08030500;08030530,3,42.0,,,False,False,False
73160400051,2,01549760,,01551500,21.5,West Branch Susquehanna River,41.22383,-77.05521,HWM/HWM_20110906_20110912_765944W411532N/HWM_10_0m_20110906_20110912_765944W411532N_BM,HWM,1,02050206,18.77,10.08,01549760;01551500,2,351.0,,,False,False,False
74270300011,2,,07020850,07022000,10.34,Mississippi River,37.34056,-89.43762,Tier_3/S1A_20170504T23553_891934W365313N/S1A_9_6m_20170504T23553_891934W365313N_BM;Tier_3/S1A_20190530T23555_892649W371820N/S1A_9_7m_20190530T23555_892649W371820N_BM,Tier_3,2,05140206;07140105;07140107;07140108;08010100;08010201;08010202;08010300;08020204;05140206;07140105;07140106;07140107;07140108;08010100;08010201;08010300;08020204,,19.5,07020850;07022000,2,780.0,,,False,False,False
74293300031,2,06818300,,06820475,31.37,Missouri River,39.4542,-95.02101,Tier_3/S1A_20190615T00210_945942W393150N/S1A_9_0m_20190615T00210_945942W393150N_BM,Tier_3,1,10240011;10270104,10.44,24.28,06818300;06820475,2,248.0,,,False,False,False
75120500151,2,08026290,08028500,,24.96,Sabine River,30.69396,-93.62381,HWM/HWM_20170817_20170901_940714W300838N/HWM_10_0m_20170817_20170901_940714W300838N_BM;HWM/HWM_20170817_20170901_933659W304031N/HWM_10_0m_20170817_20170901_933659W304031N_BM,HWM,2,08080205;08080206;12010005;12020003;12020006;12020007;12030203;12040201;12040202;12010005,57.51,,08026290;08028500,2,108.0,,,False,False,False
75120500161,2,08026290,,08028500,24.96,Sabine River,30.80512,-93.56752,HWM/HWM_20170817_20170901_940714W300838N/HWM_10_0m_20170817_20170901_940714W300838N_BM;HWM/HWM_20170817_20170901_933659W304031N/HWM_10_0m_20170817_20170901_933659W304031N_BM,HWM,2,08080205;08080206;12010005;12020003;12020006;12020007;12030203;12040201;12040202;12010005,38.33,19.17,08026290;08028500,2,120.0,,,False,False,False
75181000241,2,08161000,08161400,,18.18,Colorado River,29.54613,-96.40217,Tier_2/PSS_20170830T173000_962445W293624N/PSS_3_0m_20170830T173000_962445W293624N_BM,Tier_2,1,12090302;12090401,38.93,,08161000;08161400,2,63.0,,,False,False,False
75181000291,2,08160400,,08161000,42.18,Colorado River,29.77449,-96.68276,Tier_2/PSS_20170830T162251_964235W294719N/PSS_3_1m_20170830T162251_964235W294719N_BM;Tier_3/S1A_20170829T00264_965148W295324N/S1A_9_4m_20170829T00264_965148W295324N_BM,Tier_2;Tier_3,2,12090301;12090301;12100102,38.28,32.59,08160400;08161000,1,54.0,,,False,False,False
74282300031,0,,,,0.0,Illinois River,40.15293,-90.23351,Tier_1/AI_20160104_902358W395729N/AI_0_4m_20160104T1_902358W395729N_BM,Tier_1,1,07130003;07130008;07130011,,,,4,210.0,3.05056946759076e-05,1_iris_v2.6,True,True,True
74282300041,0,,,,0.0,Illinois River,40.19803,-90.17675,Tier_1/AI_20160104_902358W395729N/AI_0_4m_20160104T1_902358W395729N_BM,Tier_1,1,07130003;07130008;07130011,,,,4,161.0,1.9009534243328257e-05,1_iris_v2.6,True,True,True
74293400051,0,,,,0.0,Nodaway River,40.48742,-95.0716,Tier_3/S1A_20190529T00130_952601W402014N/S1A_9_5m_20190529T00130_952601W402014N_BM,Tier_3,1,10240001;10240002;10240003;10240004;10240005;10240006;10240008;10240010,,,,4,63.0,0.0005283364735499,1_iris_v2.6,True,True,True
74298600221,0,,,,0.0,,45.63894,-110.5645,HWM/HWM_20220610_20220615_1104046W452913N/HWM_10_0m_20220610_20220615_1104046W452913N_BM,HWM,1,10070002,,,,4,105.0,0.0027912334747236,1_iris_v2.6,True,True,True
74298600231,0,,,,0.0,,45.52681,-110.58135,HWM/HWM_20220610_20220615_1104046W452913N/HWM_10_0m_20220610_20220615_1104046W452913N_BM,HWM,1,10070002,,,,4,96.0,0.003183555912868,1_iris_v2.6,True,True,True
71226500221,0,,,,0.0,Red River Of The North,47.95907,-97.05402,Tier_1/AI_20110414_970623W475915N/AI_0_5m_20110414_970623W475915N_BM,Tier_1,1,09020301;09020303;09020306;09020307,,,,3,84.0,2.132732031188956e-05,1_iris_v2.6,True,True,True
71226600011,0,,,,0.0,,47.90703,-96.97426,Tier_1/AI_20110414_970623W475915N/AI_0_5m_20110414_970623W475915N_BM,Tier_1,1,09020301;09020303;09020306;09020307,,,,3,42.0,3.077066353756466e-05,1_iris_v2.6,True,True,True
73216000121,0,,,,0.0,Neuse River,35.3511,-78.02133,Tier_2/PSS_20161014T150759_780013W352043N/PSS_3_1m_20161014T150759_780013W352043N_BM;HWM/HWM_20160928_20161009_780051W352232N/HWM_10_0m_20160928_20161009_780051W352232N_BM,Tier_2;HWM,2,03020201;03020202,,,,3,55.5,2.952195363115562e-05,2_sword_v17b,True,True,True
74222700231,0,,,,0.0,Bayou D'Arbonne,32.58097,-92.16357,HWM/HWM_20160308_20160313_920434W322919N/HWM_10_0m_20160308_20160313_920434W322919N_BM,HWM,1,08040202;08040206;08040207;08050001,,,,3,77.0,3.0506085513460932e-05,1_iris_v2.6,True,True,True
74252400011,0,,,,0.0,Little Red River,35.18962,-91.47093,Tier_1/AI_20160103_912407W345941N/AI_0_5m_20160103T4_912407W345941N_BM,Tier_1,1,08020301;08020302;08020303;11010013;11010014,,,,3,67.0,1.4552800850719596e-05,1_iris_v3.3,True,True,True
74252400021,0,,,,0.0,Little Red River,35.19833,-91.5394,Tier_1/AI_20160103_912407W345941N/AI_0_5m_20160103T4_912407W345941N_BM,Tier_1,1,08020301;08020302;08020303;11010013;11010014,,,,3,67.0,9.775231029971398e-06,1_iris_v3.3,True,True,True
74259000141,0,,,,0.0,Mississippi River,36.64072,-89.18699,Tier_3/S1A_20170504T23553_891934W365313N/S1A_9_6m_20170504T23553_891934W365313N_BM;Tier_3/S1A_20190530T23555_892649W371820N/S1A_9_7m_20190530T23555_892649W371820N_BM,Tier_3,2,05140206;07140105;07140107;07140108;08010100;08010201;08010202;08010300;08020204;05140206;07140105;07140106;07140107;07140108;08010100;08010201;08010300;08020204,,,,3,1595.0,9.366117763126032e-05,1_iris_v2.6,True,True,True
74259000151,0,,,,0.0,Mississippi River,36.77973,-89.13197,Tier_3/S1A_20170504T23553_891934W365313N/S1A_9_6m_20170504T23553_891934W365313N_BM;Tier_3/S1A_20190530T23555_892649W371820N/S1A_9_7m_20190530T23555_892649W371820N_BM,Tier_3,2,05140206;07140105;07140107;07140108;08010100;08010201;08010202;08010300;08020204;05140206;07140105;07140106;07140107;07140108;08010100;08010201;08010300;08020204,,,,3,1127.0,6.121551187994233e-05,1_iris_v2.6,True,True,True
74259000161,0,,,,0.0,Mississippi River,36.91829,-89.11375,Tier_3/S1A_20170504T23553_891934W365313N/S1A_9_6m_20170504T23553_891934W365313N_BM;Tier_3/S1A_20190530T23555_892649W371820N/S1A_9_7m_20190530T23555_892649W371820N_BM,Tier_3,2,05140206;07140105;07140107;07140108;08010100;08010201;08010202;08010300;08020204;05140206;07140105;07140106;07140107;07140108;08010100;08010201;08010300;08020204,,,,3,1467.0,6.668123092755833e-05,1_iris_v2.6,True,True,True
74264900101,0,,,,0.0,Cumberland River,36.76349,-84.19744,Tier_3/S1A_20180213T23304_840231W364457N/S1A_8_5m_20180213T23304_840231W364457N_BM,Tier_3,1,05130101,,,,3,54.0,0.0001055828250233,1_iris_v2.6,True,True,True
74270400011,0,,,,0.0,Big Muddy River,37.57727,-89.45942,Tier_3/S1A_20190530T23555_892649W371820N/S1A_9_7m_20190530T23555_892649W371820N_BM,Tier_3,1,05140206;07140105;07140106;07140107;07140108;08010100;08010201;08010300;08020204,,,,3,75.0,9.49079067785718e-06,1_iris_v2.6,True,True,True
74270400021,0,,,,0.0,Big Muddy River,37.64728,-89.42345,Tier_3/S1A_20190530T23555_892649W371820N/S1A_9_7m_20190530T23555_892649W371820N_BM,Tier_3,1,05140206;07140105;07140106;07140107;07140108;08010100;08010201;08010300;08020204,,,,3,63.0,1.1330669831515947e-05,1_iris_v2.6,True,True,True
74270400031,0,,,,0.0,Big Muddy River,37.69775,-89.41806,Tier_3/S1A_20190530T23555_892649W371820N/S1A_9_7m_20190530T23555_892649W371820N_BM,Tier_3,1,05140206;07140105;07140106;07140107;07140108;08010100;08010201;08010300;08020204,,,,3,90.0,4.033733497519759e-05,2_sword_v16,True,True,True
74270400041,0,,,,0.0,Big Muddy River,37.75335,-89.42492,Tier_3/S1A_20190530T23555_892649W371820N/S1A_9_7m_20190530T23555_892649W371820N_BM,Tier_3,1,05140206;07140105;07140106;07140107;07140108;08010100;08010201;08010300;08020204,,,,3,96.0,1.2316372682129272e-18,2_sword_v16,True,True,True
74270400051,0,,,,0.0,Big Muddy River,37.76079,-89.34705,Tier_3/S1A_20190530T23555_892649W371820N/S1A_9_7m_20190530T23555_892649W371820N_BM,Tier_3,1,05140206;07140105;07140106;07140107;07140108;08010100;08010201;08010300;08020204,,,,3,84.0,0.0001260483042387,1_iris_v2.6,True,True,True
74270500011,0,,,,0.0,Mississippi River,37.65081,-89.52165,Tier_3/S1A_20190530T23555_892649W371820N/S1A_9_7m_20190530T23555_892649W371820N_BM,Tier_3,1,05140206;07140105;07140106;07140107;07140108;08010100;08010201;08010300;08020204,,,,3,637.0,0.000105834151352,1_iris_v2.6,True,True,True
74270500021,0,,,,0.0,Mississippi River,37.72406,-89.61327,Tier_3/S1A_20190530T23555_892649W371820N/S1A_9_7m_20190530T23555_892649W371820N_BM,Tier_3,1,05140206;07140105;07140106;07140107;07140108;08010100;08010201;08010300;08020204,,,,3,563.0,7.386810342933635e-05,1_iris_v2.6,True,True,True
74270500031,0,,,,0.0,Mississippi River,37.78364,-89.67226,Tier_3/S1A_20190530T23555_892649W371820N/S1A_9_7m_20190530T23555_892649W371820N_BM,Tier_3,1,05140206;07140105;07140106;07140107;07140108;08010100;08010201;08010300;08020204,,,,3,778.0,0.0001061471813112,1_iris_v2.6,True,True,True
74287400011,0,,,,0.0,Wisconsin River,43.00004,-91.05011,Tier_3/S1A_20190530T23573_910244W431326N/S1A_9_0m_20190530T23573_910244W431326N_BM,Tier_3,1,07060001;07060002;07070005;07070006,,,,3,258.0,0.0002128555214822,1_iris_v2.6,True,True,True
74287400021,0,,,,0.0,Wisconsin River,43.07433,-90.87345,Tier_3/S1A_20190530T23573_910244W431326N/S1A_9_0m_20190530T23573_910244W431326N_BM,Tier_3,1,07060001;07060002;07070005;07070006,,,,3,251.0,0.0002071724145417,1_iris_v2.6,True,True,True
74287500011,0,,,,0.0,Mississippi River,43.05764,-91.16767,Tier_3/S1A_20190530T23573_910244W431326N/S1A_9_0m_20190530T23573_910244W431326N_BM,Tier_3,1,07060001;07060002;07070005;07070006,,,,3,753.0,2.111234377259126e-05,1_iris_v2.6,True,True,True
74287500021,0,,,,0.0,Mississippi River,43.17068,-91.1498,Tier_3/S1A_20190530T23573_910244W431326N/S1A_9_0m_20190530T23573_910244W431326N_BM,Tier_3,1,07060001;07060002;07070005;07070006,,,,3,1357.0,3.8860142678629034e-05,1_iris_v2.6,True,True,True
74287500061,0,,,,0.0,Mississippi River,43.40821,-91.2003,Tier_3/S1A_20190530T23573_910244W431326N/S1A_9_0m_20190530T23573_910244W431326N_BM,Tier_3,1,07060001;07060002;07070005;07070006,,,,3,503.0,3.095575066933215e-05,1_iris_v2.6,True,True,True
74287500071,0,,,,0.0,Mississippi River,43.51659,-91.22769,Tier_3/S1A_20190530T23573_910244W431326N/S1A_9_0m_20190530T23573_910244W431326N_BM,Tier_3,1,07060001;07060002;07070005;07070006,,,,3,428.0,0.0003299100899222,1_iris_v2.6,True,True,True
74291600021,0,,,,0.0,Lamine River,38.92755,-92.96266,Tier_2/PSS_20170502T161000_930151W385351N/PSS_1_0m_20170502T161000_930151W385351N_BM,Tier_2,1,10300103,,,,3,42.0,0.0001438234093142,1_iris_v3.3,True,True,True
74293500021,0,,,,0.0,Missouri River,39.88473,-95.1341,Tier_3/S1A_20190529T00130_952601W402014N/S1A_9_5m_20190529T00130_952601W402014N_BM,Tier_3,1,10240001;10240002;10240003;10240004;10240005;10240006;10240008;10240010,,,,3,255.0,0.0001794004403004,1_iris_v2.6,True,True,True
74293500031,0,,,,0.0,Missouri River,39.94676,-95.24155,Tier_3/S1A_20190529T00130_952601W402014N/S1A_9_5m_20190529T00130_952601W402014N_BM,Tier_3,1,10240001;10240002;10240003;10240004;10240005;10240006;10240008;10240010,,,,3,254.0,0.0001906078940919,1_iris_v2.6,True,True,True
74295100311,0,,,,0.0,Little Sioux River,42.75133,-95.53185,HWM/HWM_20180615_20180610_953219W424459N/HWM_10_0m_20180615_20180610_953219W424459N_BM;Tier_2/PSS_20240623T172005_953000W424913N/PSS_3_1m_20240623T172005_953000W424913N_BM;Tier_2/PSS_20240624T163137_952652W425148N/PSS_3_1m_20240624T163137_952652W425148N_BM,HWM;Tier_2,3,10230003,,,,3,45.0,0.0001372787902624,1_iris_v2.6,True,True,True
74295100321,0,,,,0.0,Little Sioux River,42.82298,-95.51141,Tier_2/PSS_20240623T172005_953000W424913N/PSS_3_1m_20240623T172005_953000W424913N_BM;HWM/HWM_20180615_20180610_952917W425035N/HWM_10_0m_20180615_20180610_952917W425035N_BM;Tier_2/PSS_20240624T163137_952652W425148N/PSS_3_1m_20240624T163137_952652W425148N_BM,Tier_2;HWM,3,10230003,,,,3,42.0,0.0001504332253313,1_iris_v2.6,True,True,True
74295200121,0,,,,0.0,Big Sioux River,43.10336,-96.45004,Tier_2/PSS_20240623T172530_962650W425825N/PSS_3_0m_20240623T172530_962650W425825N_BM,Tier_2,1,10170203;10170204;10230002,,,,3,42.0,0.0003484376218886,1_iris_v2.6,True,True,True
74295200131,0,,,,0.0,Big Sioux River,43.18489,-96.46989,Tier_2/PSS_20240623T172530_962650W425825N/PSS_3_0m_20240623T172530_962650W425825N_BM;Tier_2/PSS_20240624T164337_962932W431356N/PSS_3_2m_20240624T164337_962932W431356N_BM,Tier_2,2,10170203;10170204;10230002;10170203,,,,3,42.0,0.0003470637891168,1_iris_v2.6,True,True,True
74295200161,0,,,,0.0,Big Sioux River,43.33465,-96.52865,Tier_2/PSS_20240624T164337_963354W431528N/PSS_3_2m_20240624T164337_963354W431528N_BM,Tier_2,1,10170203,,,,3,42.0,0.000278877200633,1_iris_v2.6,True,True,True
74298600241,0,,,,0.0,,45.46867,-110.61337,HWM/HWM_20220610_20220615_1104046W452913N/HWM_10_0m_20220610_20220615_1104046W452913N_BM,HWM,1,10070002,,,,3,84.0,0.0020877326934343,1_iris_v2.6,True,True,True
74298600251,0,,,,0.0,,45.42144,-110.65806,HWM/HWM_20220610_20220615_1104046W452913N/HWM_10_0m_20220610_20220615_1104046W452913N_BM,HWM,1,10070002,,,,3,84.0,0.0014454537215466,1_iris_v2.6,True,True,True
74298600261,0,,,,0.0,,45.33987,-110.74003,HWM/HWM_20220610_20220615_1104046W452913N/HWM_10_0m_20220610_20220615_1104046W452913N_BM,HWM,1,10070002,,,,3,105.0,0.0014590133761406,1_iris_v2.6,True,True,True
75120500111,0,,,,0.0,Sabine River,30.41961,-93.72678,HWM/HWM_20170817_20170901_940714W300838N/HWM_10_0m_20170817_20170901_940714W300838N_BM,HWM,1,08080205;08080206;12010005;12020003;12020006;12020007;12030203;12040201;12040202,,,,3,87.0,0.0001393389280883,1_iris_v2.6,True,True,True
75120500121,0,,,,0.0,Sabine River,30.48316,-93.7093,HWM/HWM_20170817_20170901_940714W300838N/HWM_10_0m_20170817_20170901_940714W300838N_BM,HWM,1,08080205;08080206;12010005;12020003;12020006;12020007;12030203;12040201;12040202,,,,3,84.0,0.0001469243972587,1_iris_v2.6,True,True,True
73160500071,0,,,,0.0,North Branch Susquehanna River,41.20355,-76.06061,HWM/HWM_20110906_20110912_755935W411248N/HWM_10_0m_20110906_20110912_755935W411248N_BM,HWM,1,02050107,,,,2,216.0,0.0002663427625274,1_iris_v2.6,True,True,True
73160500081,0,,,,0.0,North Branch Susquehanna River,41.2232,-75.95521,HWM/HWM_20110906_20110912_755935W411248N/HWM_10_0m_20110906_20110912_755935W411248N_BM,HWM,1,02050107,,,,2,184.0,0.0001178708410013,1_iris_v2.6,True,True,True
73160500091,0,,,,0.0,North Branch Susquehanna River,41.2689,-75.86907,HWM/HWM_20110906_20110912_754847W411842N/HWM_10_0m_20110906_20110912_754847W411842N_BM,HWM,1,02050107,,,,2,180.0,0.0002195482461675,1_iris_v2.6,True,True,True
73216000141,0,,,,0.0,Neuse River,35.35974,-78.05927,Tier_2/PSS_20161014T150759_780013W352043N/PSS_3_1m_20161014T150759_780013W352043N_BM;HWM/HWM_20160928_20161009_780051W352232N/HWM_10_0m_20160928_20161009_780051W352232N_BM,Tier_2;HWM,2,03020201;03020202,,,,2,42.0,0.0001617647954376,1_iris_v3.3,True,True,True
73220100051,0,,,,0.0,Great Pee Dee River,33.52566,-79.17188,HWM/HWM_20180831_20180918_785518W334219N/HWM_10_0m_20180831_20180918_785518W334219N_BM,HWM,1,03040206;03040207;03040208,,,,2,108.0,4.712665365814415e-05,1_iris_v3.3,True,True,True
74241300161,0,,,,0.0,Arkansas River,34.46294,-92.11475,Tier_1/AI_20160103_915444W341929N/AI_0_4m_20160103T2_915444W341929N_BM,Tier_1,1,08020401;08040205;11110207,,,,2,608.5,2.5818500649685875e-05,1_iris_v3.3,True,True,True
74241300171,0,,,,0.0,Arkansas River,34.53792,-92.14136,Tier_1/AI_20160103_915444W341929N/AI_0_4m_20160103T2_915444W341929N_BM,Tier_1,1,08020401;08040205;11110207,,,,2,792.0,6.270459995271182e-05,1_iris_v3.3,True,True,True
74241300231,0,,,,0.0,Arkansas River,34.83073,-92.41646,Tier_1/AI_20160103_923809W350109N/AI_0_4m_20160103_923809W350109N_BM,Tier_1,1,11110203;11110205;11110206;11110207,,,,2,810.0,1.8254151630695164e-05,1_iris_v3.3,True,True,True
74241300241,0,,,,0.0,Arkansas River,34.91868,-92.46712,Tier_1/AI_20160103_923809W350109N/AI_0_4m_20160103_923809W350109N_BM,Tier_1,1,11110203;11110205;11110206;11110207,,,,2,687.5,2.1758925059704765e-05,1_iris_v3.3,True,True,True
74241300251,0,,,,0.0,Arkansas River,34.96291,-92.55632,Tier_1/AI_20160103_923809W350109N/AI_0_4m_20160103_923809W350109N_BM,Tier_1,1,11110203;11110205;11110206;11110207,,,,2,424.0,1.6173643365027153e-05,1_iris_v3.3,True,True,True
74252100131,0,,,,0.0,White River,34.59992,-91.31894,Tier_1/AI_20160103_912407W345941N/AI_0_5m_20160103T4_912407W345941N_BM,Tier_1,1,08020301;08020302;08020303;11010013;11010014,,,,2,180.0,6.368194266710231e-05,1_iris_v2.6,True,True,True
74252100141,0,,,,0.0,White River,34.65963,-91.31517,Tier_1/AI_20160103_912407W345941N/AI_0_5m_20160103T4_912407W345941N_BM,Tier_1,1,08020301;08020302;08020303;11010013;11010014,,,,2,170.0,6.941742137693541e-05,1_iris_v2.6,True,True,True
74252200011,0,,,,0.0,Cache River,34.74592,-91.31144,Tier_1/AI_20160103_912407W345941N/AI_0_5m_20160103T4_912407W345941N_BM,Tier_1,1,08020301;08020302;08020303;11010013;11010014,,,,2,87.0,2.85971985547374e-05,1_iris_v2.6,True,True,True
74252300011,0,,,,0.0,White River,34.69028,-91.34206,Tier_1/AI_20160103_912407W345941N/AI_0_5m_20160103T4_912407W345941N_BM,Tier_1,1,08020301;08020302;08020303;11010013;11010014,,,,2,135.0,7.555441481082417e-05,1_iris_v2.6,True,True,True
74252300021,0,,,,0.0,White River,34.73166,-91.37175,Tier_1/AI_20160103_912407W345941N/AI_0_5m_20160103T4_912407W345941N_BM,Tier_1,1,08020301;08020302;08020303;11010013;11010014,,,,2,152.0,6.571107878571186e-05,1_iris_v2.6,True,True,True
74252300031,0,,,,0.0,White River,34.76068,-91.40566,Tier_1/AI_20160103_912407W345941N/AI_0_5m_20160103T4_912407W345941N_BM,Tier_1,1,08020301;08020302;08020303;11010013;11010014,,,,2,171.0,6.0534026084388827e-05,1_iris_v2.6,True,True,True
74252300041,0,,,,0.0,White River,34.80059,-91.44631,Tier_1/AI_20160103_912407W345941N/AI_0_5m_20160103T4_912407W345941N_BM,Tier_1,1,08020301;08020302;08020303;11010013;11010014,,,,2,170.0,8.661665885853479e-05,1_iris_v2.6,True,True,True
74252300051,0,,,,0.0,White River,34.86519,-91.46038,Tier_1/AI_20160103_912407W345941N/AI_0_5m_20160103T4_912407W345941N_BM,Tier_1,1,08020301;08020302;08020303;11010013;11010014,,,,2,165.5,5.489236619928584e-05,1_iris_v2.6,True,True,True
74252300101,0,,,,0.0,White River,35.08594,-91.45882,Tier_1/AI_20160103_912407W345941N/AI_0_5m_20160103T4_912407W345941N_BM,Tier_1,1,08020301;08020302;08020303;11010013;11010014,,,,2,181.0,7.281247142347351e-05,1_iris_v2.6,True,True,True
74252500051,0,,,,0.0,White River,35.31115,-91.42978,Tier_1/AI_20160103_912407W345941N/AI_0_5m_20160103T4_912407W345941N_BM,Tier_1,1,08020301;08020302;08020303;11010013;11010014,,,,2,129.0,5.917859787623462e-05,1_iris_v3.3,True,True,True
74252500061,0,,,,0.0,White River,35.3689,-91.4182,Tier_1/AI_20160103_912407W345941N/AI_0_5m_20160103T4_912407W345941N_BM,Tier_1,1,08020301;08020302;08020303;11010013;11010014,,,,2,127.0,5.150824985596832e-05,1_iris_v3.3,True,True,True
74259000081,0,,,,0.0,Mississippi River,36.37133,-89.53671,Tier_3/S1A_20170504T23553_891934W365313N/S1A_9_6m_20170504T23553_891934W365313N_BM,Tier_3,1,05140206;07140105;07140107;07140108;08010100;08010201;08010202;08010300;08020204,,,,2,1312.0,8.673212730146957e-05,1_iris_v2.6,True,True,True
74259000091,0,,,,0.0,Mississippi River,36.49494,-89.53689,Tier_3/S1A_20170504T23553_891934W365313N/S1A_9_6m_20170504T23553_891934W365313N_BM,Tier_3,1,05140206;07140105;07140107;07140108;08010100;08010201;08010202;08010300;08020204,,,,2,1364.0,7.327241417814813e-05,1_iris_v2.6,True,True,True
74259000101,0,,,,0.0,Mississippi River,36.56618,-89.5225,Tier_3/S1A_20170504T23553_891934W365313N/S1A_9_6m_20170504T23553_891934W365313N_BM,Tier_3,1,05140206;07140105;07140107;07140108;08010100;08010201;08010202;08010300;08020204,,,,2,1064.0,7.712021622538251e-05,1_iris_v2.6,True,True,True
74259000111,0,,,,0.0,Mississippi River,36.5097,-89.47814,Tier_3/S1A_20170504T23553_891934W365313N/S1A_9_6m_20170504T23553_891934W365313N_BM,Tier_3,1,05140206;07140105;07140107;07140108;08010100;08010201;08010202;08010300;08020204,,,,2,1213.0,9.659508873201552e-05,1_iris_v2.6,True,True,True
74259000131,0,,,,0.0,Mississippi River,36.58973,-89.30927,Tier_3/S1A_20170504T23553_891934W365313N/S1A_9_6m_20170504T23553_891934W365313N_BM,Tier_3,1,05140206;07140105;07140107;07140108;08010100;08010201;08010202;08010300;08020204,,,,2,1317.0,7.16644729967297e-05,1_iris_v2.6,True,True,True
74267300271,0,,,,0.0,Ohio River,38.40139,-85.62221,Tier_1/AI_20250412_854320W381510N/AI_0_2m_20250412_854320W381510N_BM,Tier_1,1,05140101,,,,2,769.5,9.830345515340276e-06,1_iris_v2.6,True,True,True
74270100011,0,,,,0.0,Mississippi River,36.9886,-89.17543,Tier_3/S1A_20170504T23553_891934W365313N/S1A_9_6m_20170504T23553_891934W365313N_BM;Tier_3/S1A_20190530T23555_892649W371820N/S1A_9_7m_20190530T23555_892649W371820N_BM,Tier_3,2,05140206;07140105;07140107;07140108;08010100;08010201;08010202;08010300;08020204;05140206;07140105;07140106;07140107;07140108;08010100;08010201;08010300;08020204,,,,2,702.0,7.662146948433662e-05,1_iris_v2.6,True,True,True
74270100021,0,,,,0.0,Mississippi River,37.05569,-89.2429,Tier_3/S1A_20170504T23553_891934W365313N/S1A_9_6m_20170504T23553_891934W365313N_BM;Tier_3/S1A_20190530T23555_892649W371820N/S1A_9_7m_20190530T23555_892649W371820N_BM,Tier_3,2,05140206;07140105;07140107;07140108;08010100;08010201;08010202;08010300;08020204;05140206;07140105;07140106;07140107;07140108;08010100;08010201;08010300;08020204,,,,2,704.0,5.3566992550285155e-05,1_iris_v2.6,True,True,True
74270100031,0,,,,0.0,Mississippi River,37.05584,-89.29212,Tier_3/S1A_20170504T23553_891934W365313N/S1A_9_6m_20170504T23553_891934W365313N_BM;Tier_3/S1A_20190530T23555_892649W371820N/S1A_9_7m_20190530T23555_892649W371820N_BM,Tier_3,2,05140206;07140105;07140107;07140108;08010100;08010201;08010202;08010300;08020204;05140206;07140105;07140106;07140107;07140108;08010100;08010201;08010300;08020204,,,,2,653.0,8.682872012625416e-05,1_iris_v2.6,True,True,True
74270100041,0,,,,0.0,Mississippi River,37.00641,-89.29035,Tier_3/S1A_20170504T23553_891934W365313N/S1A_9_6m_20170504T23553_891934W365313N_BM;Tier_3/S1A_20190530T23555_892649W371820N/S1A_9_7m_20190530T23555_892649W371820N_BM,Tier_3,2,05140206;07140105;07140107;07140108;08010100;08010201;08010202;08010300;08020204;05140206;07140105;07140106;07140107;07140108;08010100;08010201;08010300;08020204,,,,2,786.5,5.900057475136806e-05,1_iris_v2.6,True,True,True
74270100051,0,,,,0.0,Mississippi River,37.08695,-89.38715,Tier_3/S1A_20170504T23553_891934W365313N/S1A_9_6m_20170504T23553_891934W365313N_BM;Tier_3/S1A_20190530T23555_892649W371820N/S1A_9_7m_20190530T23555_892649W371820N_BM,Tier_3,2,05140206;07140105;07140107;07140108;08010100;08010201;08010202;08010300;08020204;05140206;07140105;07140106;07140107;07140108;08010100;08010201;08010300;08020204,,,,2,764.5,0.0001112372708139,1_iris_v2.6,True,True,True
74270400061,0,,,,0.0,Big Muddy River,37.78331,-89.26674,Tier_3/S1A_20190530T23555_892649W371820N/S1A_9_7m_20190530T23555_892649W371820N_BM,Tier_3,1,05140206;07140105;07140106;07140107;07140108;08010100;08010201;08010300;08020204,,,,2,90.0,5.0758504574054486e-05,1_iris_v2.6,True,True,True
74270400071,0,,,,0.0,Big Muddy River,37.80674,-89.20089,Tier_3/S1A_20190530T23555_892649W371820N/S1A_9_7m_20190530T23555_892649W371820N_BM,Tier_3,1,05140206;07140105;07140106;07140107;07140108;08010100;08010201;08010300;08020204,,,,2,101.0,2.9915803302847452e-05,1_iris_v2.6,True,True,True
74270400081,0,,,,0.0,Big Muddy River,37.83011,-89.12055,Tier_3/S1A_20190530T23555_892649W371820N/S1A_9_7m_20190530T23555_892649W371820N_BM,Tier_3,1,05140206;07140105;07140106;07140107;07140108;08010100;08010201;08010300;08020204,,,,2,99.0,4.591410544654135e-05,1_iris_v2.6,True,True,True
74270500041,0,,,,0.0,Mississippi River,37.84557,-89.73751,Tier_3/S1A_20190530T23555_892649W371820N/S1A_9_7m_20190530T23555_892649W371820N_BM,Tier_3,1,05140206;07140105;07140106;07140107;07140108;08010100;08010201;08010300;08020204,,,,2,766.0,7.248123446015433e-05,1_iris_v2.6,True,True,True
74270500051,0,,,,0.0,Mississippi River,37.91942,-89.86207,Tier_3/S1A_20190530T23555_892649W371820N/S1A_9_7m_20190530T23555_892649W371820N_BM,Tier_3,1,05140206;07140105;07140106;07140107;07140108;08010100;08010201;08010300;08020204,,,,2,658.0,9.47704607564335e-05,1_iris_v2.6,True,True,True
74282100131,0,,,,0.0,Illinois River,39.97418,-90.51382,Tier_1/AI_20160104_902358W395729N/AI_0_4m_20160104T1_902358W395729N_BM,Tier_1,1,07130003;07130008;07130011,,,,2,257.0,5.1048275723600306e-05,1_iris_v2.6,True,True,True
74287400031,0,,,,0.0,Wisconsin River,43.13182,-90.73905,Tier_3/S1A_20190530T23573_910244W431326N/S1A_9_0m_20190530T23573_910244W431326N_BM,Tier_3,1,07060001;07060002;07070005;07070006,,,,2,214.0,0.0002046949241673,1_iris_v2.6,True,True,True
74291900041,0,,,,0.0,Missouri River,39.24578,-93.35647,Tier_3/S1A_20190716T00124_933633W391434N/S1A_8_8m_20190716T00124_933633W391434N_BM,Tier_3,1,10300101,,,,2,354.0,0.000180724727392,1_iris_v2.6,True,True,True
74291900051,0,,,,0.0,Missouri River,39.26761,-93.43893,Tier_3/S1A_20190716T00124_933633W391434N/S1A_8_8m_20190716T00124_933633W391434N_BM,Tier_3,1,10300101,,,,2,360.0,0.0001754198112265,1_iris_v2.6,True,True,True
74295200141,0,,,,0.0,Big Sioux River,43.2357,-96.5496,Tier_2/PSS_20240624T164337_962932W431356N/PSS_3_2m_20240624T164337_962932W431356N_BM;Tier_2/PSS_20240624T164337_963354W431528N/PSS_3_2m_20240624T164337_963354W431528N_BM,Tier_2,2,10170203,,,,2,42.0,0.0005546562212649,2_sword_v16,True,True,True
74298600271,0,,,,0.0,,45.26636,-110.85532,HWM/HWM_20220610_20220615_1104046W452913N/HWM_10_0m_20220610_20220615_1104046W452913N_BM,HWM,1,10070002,,,,2,96.0,0.0014748277190954,1_iris_v2.6,True,True,True
75120400101,0,,,,0.0,Neches River,30.41058,-94.10849,HWM/HWM_20170817_20170901_940714W300838N/HWM_10_0m_20170817_20170901_940714W300838N_BM,HWM,1,08080205;08080206;12010005;12020003;12020006;12020007;12030203;12040201;12040202,,,,2,63.0,0.0002496142376143,1_iris_v3.3,True,True,True
75120400131,0,,,,0.0,Neches River,30.67733,-94.08969,HWM/HWM_20170817_20170901_940714W300838N/HWM_10_0m_20170817_20170901_940714W300838N_BM,HWM,1,08080205;08080206;12010005;12020003;12020006;12020007;12030203;12040201;12040202,,,,2,84.0,7.563117792511561e-05,1_iris_v3.3,True,True,True
75120400141,0,,,,0.0,Neches River,30.71642,-94.12981,HWM/HWM_20170817_20170901_940714W300838N/HWM_10_0m_20170817_20170901_940714W300838N_BM,HWM,1,08080205;08080206;12010005;12020003;12020006;12020007;12030203;12040201;12040202,,,,2,94.0,8.328333884107145e-05,1_iris_v3.3,True,True,True
75120400151,0,,,,0.0,Neches River,30.77774,-94.14068,HWM/HWM_20170817_20170901_940714W300838N/HWM_10_0m_20170817_20170901_940714W300838N_BM,HWM,1,08080205;08080206;12010005;12020003;12020006;12020007;12030203;12040201;12040202,,,,2,90.0,0.000116488019838,1_iris_v3.3,True,True,True
75120500101,0,,,,0.0,Sabine River,30.36417,-93.75721,HWM/HWM_20170817_20170901_940714W300838N/HWM_10_0m_20170817_20170901_940714W300838N_BM,HWM,1,08080205;08080206;12010005;12020003;12020006;12020007;12030203;12040201;12040202,,,,2,65.0,0.0001366396081241,1_iris_v2.6,True,True,True
75181000311,0,,,,0.0,Colorado River,29.89035,-96.8349,Tier_3/S1A_20170829T00264_965148W295324N/S1A_9_4m_20170829T00264_965148W295324N_BM,Tier_3,1,12090301;12100102,,,,2,45.0,4.8991787859267144e-05,1_iris_v2.6,True,True,True
71226700081,0,,,,0.0,Red River Of The North,47.42864,-96.85728,Tier_1/AI_20110412_965145W472341N/AI_0_5m_20110412_965145W472341N_BM,Tier_1,1,09020107;09020108;09020109;09020301,,,,1,63.0,0.0001061989809676,1_iris_v2.6,True,True,True
73216000181,0,,,,0.0,Neuse River,35.396,-78.27793,HWM/HWM_20180831_20180918_782136W352113N/HWM_10_0m_20180831_20180918_782136W352113N_BM,HWM,1,03020201,,,,1,42.0,0.0002382840771077,1_iris_v3.3,True,True,True
73216000191,0,,,,0.0,Neuse River,35.42893,-78.33446,HWM/HWM_20180831_20180918_782136W352113N/HWM_10_0m_20180831_20180918_782136W352113N_BM;HWM/HWM_20160928_20161009_782214W352953N/HWM_10_0m_20160928_20161009_782214W352953N_BM,HWM,2,03020201,,,,1,42.0,0.0001960554894114,1_iris_v3.3,True,True,True
73216000201,0,,,,0.0,Neuse River,35.48491,-78.36675,HWM/HWM_20180831_20180918_782136W352113N/HWM_10_0m_20180831_20180918_782136W352113N_BM;HWM/HWM_20160928_20161009_782214W352953N/HWM_10_0m_20160928_20161009_782214W352953N_BM,HWM,2,03020201,,,,1,42.0,0.0002033865143631,1_iris_v3.3,True,True,True
73220100061,0,,,,0.0,Great Pee Dee River,33.61078,-79.15219,HWM/HWM_20180831_20180918_785518W334219N/HWM_10_0m_20180831_20180918_785518W334219N_BM,HWM,1,03040206;03040207;03040208,,,,1,108.0,1.8196030924431384e-05,1_iris_v3.3,True,True,True
73220300041,0,,,,0.0,Great Pee Dee River,33.65927,-79.14139,HWM/HWM_20180831_20180918_785518W334219N/HWM_10_0m_20180831_20180918_785518W334219N_BM,HWM,1,03040206;03040207;03040208,,,,1,59.0,4.0628435686961576e-19,2_sword_v17b,True,True,True
73220300011,0,,,,0.0,Great Pee Dee River,33.66063,-79.15193,HWM/HWM_20180831_20180918_785518W334219N/HWM_10_0m_20180831_20180918_785518W334219N_BM,HWM,1,03040206;03040207;03040208,,,,1,155.0,6.450840519892515e-05,1_iris_v3.3,True,True,True
73220300021,0,,,,0.0,Great Pee Dee River,33.666,-79.14435,HWM/HWM_20180831_20180918_785518W334219N/HWM_10_0m_20180831_20180918_785518W334219N_BM,HWM,1,03040206;03040207;03040208,,,,1,155.0,0.0003477482154288,2_sword_v17b,True,True,True
73220300031,0,,,,0.0,Waccamaw River,33.62794,-79.12441,HWM/HWM_20180831_20180918_785518W334219N/HWM_10_0m_20180831_20180918_785518W334219N_BM,HWM,1,03040206;03040207;03040208,,,,1,92.0,3.154713992465685e-05,1_iris_v3.3,True,True,True
74259000121,0,,,,0.0,Mississippi River,36.50732,-89.42366,Tier_3/S1A_20170504T23553_891934W365313N/S1A_9_6m_20170504T23553_891934W365313N_BM,Tier_3,1,05140206;07140105;07140107;07140108;08010100;08010201;08010202;08010300;08020204,,,,1,1410.0,8.76931236747057e-05,1_iris_v2.6,True,True,True
74287300251,0,,,,0.0,Mississippi River,42.93836,-91.1461,Tier_3/S1A_20190530T23573_910244W431326N/S1A_9_0m_20190530T23573_910244W431326N_BM,Tier_3,1,07060001;07060002;07070005;07070006,,,,1,694.0,0.0002873155696608,1_iris_v2.6,True,True,True
74293800011,0,,,,0.0,Nishnabotna River,40.52003,-95.66506,Tier_3/S1A_20190529T00130_952601W402014N/S1A_9_5m_20190529T00130_952601W402014N_BM,Tier_3,1,10240001;10240002;10240003;10240004;10240005;10240006;10240008;10240010,,,,1,48.0,0.0001757291475734,1_iris_v2.6,True,True,True
74293900041,0,,,,0.0,Missouri River,40.7039,-95.84903,Tier_3/S1A_20190529T00130_952601W402014N/S1A_9_5m_20190529T00130_952601W402014N_BM,Tier_3,1,10240001;10240002;10240003;10240004;10240005;10240006;10240008;10240010,,,,1,218.0,0.0001938251650302,1_iris_v2.6,True,True,True
74241300071,0,,,,0.0,Arkansas River,34.19278,-91.78386,Tier_1/AI_20160103_915444W341929N/AI_0_4m_20160103T2_915444W341929N_BM,Tier_1,1,08020401;08040205;11110207,,,,3,474.0,,,False,False,False
74287500481,0,,,,0.0,Mississippi River,43.46603,-91.29701,Tier_3/S1A_20190530T23573_910244W431326N/S1A_9_0m_20190530T23573_910244W431326N_BM,Tier_3,1,07060001;07060002;07070005;07070006,,,,3,60.0,,,False,False,False
74295100261,0,,,,0.0,Little Sioux River,42.42846,-95.84338,Tier_2/PSS_20240624T163331_954941W422709N/PSS_3_0m_20240624T163331_954941W422709N_BM;Tier_2/PSS_20240623T172400_954756W423023N/PSS_3_0m_20240623T172400_954756W423023N_BM,Tier_2,2,10230003,,,,3,48.0,,,False,False,False
74295100271,0,,,,0.0,Little Sioux River,42.52227,-95.75663,Tier_2/PSS_20240624T163331_954941W422709N/PSS_3_0m_20240624T163331_954941W422709N_BM;Tier_2/PSS_20240623T172400_954756W423023N/PSS_3_0m_20240623T172400_954756W423023N_BM,Tier_2,2,10230003,,,,3,42.0,,,False,False,False
74295100281,0,,,,0.0,Little Sioux River,42.59533,-95.69746,Tier_2/PSS_20240623T172400_954756W423023N/PSS_3_0m_20240623T172400_954756W423023N_BM,Tier_2,1,10230003,,,,3,42.0,,,False,False,False
75120500131,0,,,,0.0,Sabine River,30.55889,-93.72756,HWM/HWM_20170817_20170901_940714W300838N/HWM_10_0m_20170817_20170901_940714W300838N_BM;HWM/HWM_20170817_20170901_933659W304031N/HWM_10_0m_20170817_20170901_933659W304031N_BM,HWM,2,08080205;08080206;12010005;12020003;12020006;12020007;12030203;12040201;12040202;12010005,,,,3,89.0,,,False,False,False
73216000131,0,,,,0.0,Neuse River,35.37222,-78.03126,Tier_2/PSS_20161014T150759_780013W352043N/PSS_3_1m_20161014T150759_780013W352043N_BM;HWM/HWM_20160928_20161009_780051W352232N/HWM_10_0m_20160928_20161009_780051W352232N_BM,Tier_2;HWM,2,03020201;03020202,,,,2,60.0,,,False,False,False
73220100041,0,,,,0.0,Great Pee Dee River,33.46914,-79.16466,HWM/HWM_20180831_20180918_785518W334219N/HWM_10_0m_20180831_20180918_785518W334219N_BM,HWM,1,03040206;03040207;03040208,,,,2,360.4,,,False,False,False
74222700131,0,,,,0.0,Ouachita River,32.42488,-92.13226,HWM/HWM_20160308_20160313_920434W322919N/HWM_10_0m_20160308_20160313_920434W322919N_BM,HWM,1,08040202;08040206;08040207;08050001,,,,2,148.0,,,False,False,False
74241500011,0,,,,0.0,Arkansas River,35.0334,-92.56246,Tier_1/AI_20160103_923809W350109N/AI_0_4m_20160103_923809W350109N_BM,Tier_1,1,11110203;11110205;11110206;11110207,,,,2,345.0,,,False,False,False
74241500031,0,,,,0.0,Arkansas River,35.0871,-92.6099,Tier_1/AI_20160103_923809W350109N/AI_0_4m_20160103_923809W350109N_BM,Tier_1,1,11110203;11110205;11110206;11110207,,,,2,422.0,,,False,False,False
74270300021,0,,,,0.0,Mississippi River,37.49787,-89.48707,Tier_3/S1A_20190530T23555_892649W371820N/S1A_9_7m_20190530T23555_892649W371820N_BM,Tier_3,1,05140206;07140105;07140106;07140107;07140108;08010100;08010201;08010300;08020204,,,,2,706.0,,,False,False,False
74282300011,0,,,,0.0,Illinois River,40.05529,-90.42846,Tier_1/AI_20160104_902358W395729N/AI_0_4m_20160104T1_902358W395729N_BM,Tier_1,1,07130003;07130008;07130011,,,,2,237.0,,,False,False,False
74282300021,0,,,,0.0,Illinois River,40.13851,-90.32692,Tier_1/AI_20160104_902358W395729N/AI_0_4m_20160104T1_902358W395729N_BM,Tier_1,1,07130003;07130008;07130011,,,,2,170.0,,,False,False,False
75120500141,0,,,,0.0,Sabine River,30.60095,-93.6844,HWM/HWM_20170817_20170901_940714W300838N/HWM_10_0m_20170817_20170901_940714W300838N_BM;HWM/HWM_20170817_20170901_933659W304031N/HWM_10_0m_20170817_20170901_933659W304031N_BM,HWM,2,08080205;08080206;12010005;12020003;12020006;12020007;12030203;12040201;12040202;12010005,,,,2,94.0,,,False,False,False
73220100031,0,,,,0.0,Great Pee Dee River,33.46494,-79.16414,HWM/HWM_20180831_20180918_785518W334219N/HWM_10_0m_20180831_20180918_785518W334219N_BM,HWM,1,03040206;03040207;03040208,,,,1,364.6,,,False,False,False
