reach_id,SWOT_time,wse,slope,slope2,width,reach_q,dark_frac,ice_clim_f,xovr_cal_q,xtrk_dist
74282100111,2023-08-30T06:31:46Z,127.3902,8.47487e-06,5.6419e-06,197.937372,1,0.074738,0,0,26129.70996
74282100111,2023-09-20T03:16:52Z,127.6966,1.68087e-05,1.027865e-05,232.080593,1,0.073848,0,0,25866.41699
74282100111,2023-10-31T20:46:59Z,127.7939,1.777316e-05,1.013262e-05,240.956443,1,0.061146,0,0,26153.19336
74282100111,2023-11-21T17:32:04Z,127.9518,2.71623e-05,1.205386e-05,236.583321,2,0.099852,0,2,25981.75391
74282100111,2023-12-01T02:39:07Z,127.6994,2.476701e-05,3.17628e-06,254.96846,2,0.306537,0,1,-3438.25391
74282100111,2023-12-12T14:17:08Z,128.0695,6.244796e-05,1.655683e-05,209.774182,2,0.672597,0,0,25284.12695
74282100111,2024-01-02T11:02:15Z,129.1815,2.82863e-05,2.655612e-05,216.914226,2,0.241618,1,1,25880.92188
74282100111,2024-02-13T04:32:25Z,131.6026,3.15695e-05,3.616976e-05,510.147726,2,0.103622,1,1,25698.46289
74282100111,2024-03-05T01:17:30Z,128.5587,2.105356e-05,1.792276e-05,233.648683,1,0.044312,1,1,25957.7666
74282100111,2024-03-25T22:02:33Z,129.9213,4.298837e-05,2.637347e-05,185.736967,2,0.897625,0,1,26180.73145
74282100111,2024-04-15T18:47:39Z,131.3663,3.746821e-05,3.537568e-05,392.777713,1,0.003761,0,1,26493.46387
74282100111,2024-05-06T15:32:42Z,132.343,3.443912e-05,2.978476e-05,204.148865,2,0.188489,0,2,25427.44336
74282100111,2024-05-27T12:17:47Z,131.1021,1.803971e-05,2.046232e-05,331.454631,2,0.106566,0,0,25667.05566
74282100111,2024-06-17T09:02:53Z,129.0205,1.082818e-05,1.432276e-05,261.416393,1,0.034131,0,0,26260.8125
74282100111,2024-07-08T05:47:55Z,129.5941,5.47745e-06,2.86276e-06,203.079392,1,0.010693,0,0,25446.38867
74282100111,2024-07-17T14:54:59Z,130.2903,3.525646e-05,4.261561e-05,543.513433,2,0.022233,0,0,-3112.34314
74282100111,2024-08-18T23:18:05Z,127.8299,1.396193e-05,1.958402e-05,210.18717,1,0.121245,0,0,25663.51855
74282100111,2024-09-08T20:03:11Z,127.3071,4.06998e-06,5.83649e-06,174.943231,1,0.099542,0,0,26194.69727
74282100111,2024-09-29T16:48:19Z,127.6423,4.4374e-05,1.26433e-05,229.012838,1,0.048221,0,0,26452.6084
74282100111,2024-10-20T13:33:23Z,127.2498,4.6371e-06,3.0869e-06,189.340611,1,0.2761213433,0,0,25804.37988
74282100111,2024-11-19T19:25:29Z,127.9024,7.01952e-06,2.83759e-06,455.529688,2,0.13213479354,0,0,-3241.19629
74282100111,2024-12-01T07:03:32Z,127.9045,7.540936e-05,6.489214e-05,185.369881,2,0.72529181781,0,0,26174.96582
74282100111,2024-12-10T16:10:34Z,127.8864,-9.8822e-06,-1.66924e-05,735.281289,1,0.18612154753,0,1,-2990.80542
74282100111,2024-12-22T03:48:35Z,127.7653,2.637078e-05,9.93961e-06,197.832779,2,0.65031409708,1,0,25746.14844
74282100111,2025-02-01T21:18:44Z,127.8389,1.267968e-05,1.280859e-05,220.040829,1,0.02617702611,1,1,26116.72754
74282100111,2025-02-11T06:25:46Z,128.7241,-0.0001158328,-0.0001199426,770.050754,2,0.19534738967,1,1,-2658.88452
74282100111,2025-02-22T18:03:50Z,127.8795,1.238724e-05,1.126412e-05,210.308432,1,0.0127633956,1,1,25947.32227
74282100111,2025-03-15T14:48:54Z,129.3337,2.809848e-05,2.453728e-05,250.049672,1,0.00312905349,1,1,25300.04004
74282100111,2025-04-05T11:33:57Z,129.3843,2.794172e-05,2.809019e-05,262.467445,1,0.03176470226,0,1,25309.62207
74282100111,2025-04-14T20:41:01Z,130.3954,-1.60205e-05,1.514086e-05,819.148715,2,0.05142868534,0,1,-3447.88477
74282100111,2025-04-26T08:19:03Z,129.35,2.717477e-05,2.602358e-05,254.224659,1,0.03683097634,0,1,26320.00586
74282100101,2023-08-30T06:31:37Z,127.322,4.08787e-06,4.31019e-06,237.948078,1,0.029776,0,0,25060.87598
74282100101,2023-09-08T15:38:58Z,126.8165,-3.36126e-05,2.94341e-06,551.118945,1,0.197891,0,0,5998.40674
74282100101,2023-09-20T03:16:43Z,127.5706,5.33898e-06,6.89272e-06,243.915966,1,0.007242,0,0,24825.70898
74282100101,2023-09-29T12:24:01Z,127.4423,2.005919e-05,1.160817e-05,492.261757,2,0.244993,0,0,6152.84985
74282100101,2023-10-11T00:01:45Z,127.1738,-2.11511e-05,1.467235e-05,178.835443,2,0.543738,0,0,24221.47266
74282100101,2023-10-20T09:09:05Z,127.7709,3.72385e-06,5.44563e-06,498.529136,1,0.19984,0,0,5873.90869
74282100101,2023-10-31T20:46:50Z,127.6365,4.34828e-06,7.87796e-06,255.14167,1,0.030359,0,0,25095.47266
74282100101,2023-11-10T05:54:11Z,127.4218,9.9714e-07,7.01067e-06,498.28902,1,0.201294,0,1,5714.51855
74282100101,2023-11-21T17:31:55Z,127.8169,2.75915e-06,5.4489e-06,247.927212,2,0.051934,0,2,24966.98145
74282100101,2023-12-01T02:39:16Z,127.4384,-3.77111e-05,-1.535e-07,491.958636,2,0.245402,0,1,5544.36768
74282100101,2023-12-12T14:16:59Z,127.978,1.400713e-05,2.285906e-05,248.560221,2,0.355803,0,0,24295.95312
74282100101,2023-12-21T23:24:20Z,127.7456,2.384917e-05,2.488631e-05,447.110799,2,0.256092,0,2,5986.78662
74282100101,2024-01-02T11:02:06Z,128.8597,2.63552e-05,2.444785e-05,246.493689,2,0.238314,1,1,24881.43652
74282100101,2024-01-11T20:09:26Z,128.2746,1.641053e-05,1.522054e-05,347.769675,1,0.200552,1,1,6215.87476
74282100101,2024-02-01T16:54:32Z,131.0668,3.273137e-05,3.702677e-05,549.432655,1,0.001932,1,1,6024.42358
74282100101,2024-02-13T04:32:16Z,130.9942,3.458114e-05,3.769534e-05,212.650442,2,0.639024,1,1,24651.0166
74282100101,2024-02-22T13:39:37Z,129.8339,3.223708e-05,2.846911e-05,668.083335,2,0.023618,1,1,5914.94141
74282100101,2024-03-05T01:17:21Z,128.2766,-6.7706e-06,1.139124e-05,226.924346,1,0.019472,1,1,24928.70703
74282100101,2024-03-25T22:02:24Z,129.4991,5.940837e-05,9.626572e-05,235.283079,2,0.576602,0,1,25175.07617
74282100101,2024-04-15T18:47:30Z,130.7304,3.183515e-05,3.277266e-05,365.610715,1,0.001324,0,1,25405.97949
74282100101,2024-04-25T03:54:50Z,130.2839,3.781831e-05,3.106474e-05,333.62578,1,0.030052,0,1,6060.52441
74282100101,2024-05-06T15:32:33Z,131.7281,3.502776e-05,3.963815e-05,291.606422,2,0.154915,0,2,24452.23535
74282100101,2024-05-16T00:39:54Z,131.2763,2.412295e-05,2.711784e-05,524.226026,2,0.001461,0,0,6524.7915
74282100101,2024-05-27T12:17:38Z,130.7177,3.226495e-05,2.136199e-05,275.196592,2,0.11876,0,0,24700.16699
74282100101,2024-06-17T09:02:44Z,128.7291,1.748612e-05,1.627682e-05,250.572377,1,0.019662,0,0,25270.16504
74282100101,2024-07-08T05:47:46Z,129.526,4.12516e-06,5.35143e-06,249.893366,1,0.004001,0,0,24417.91992
74282100101,2024-07-17T14:55:08Z,130.0997,1.378916e-05,1.025101e-05,451.305082,2,0.030719,0,0,5778.40869
74282100101,2024-07-29T02:32:52Z,129.4906,1.989418e-05,1.943229e-05,244.910119,1,0.003891,0,0,24601.6875
74282100101,2024-08-18T23:17:56Z,127.5455,1.188508e-05,1.213061e-05,228.327046,1,0.010504,0,0,24639.57617
74282100101,2024-08-28T08:25:17Z,126.5833,0.00012524056,6.93605e-05,380.180838,1,0.421124,0,0,5981.14185
74282100101,2024-09-08T20:03:02Z,127.2939,1.14263e-06,3.8025e-06,252.986156,1,0.20945,0,0,25072.96387
74282100101,2024-09-18T05:10:23Z,127.0197,-3.02148e-05,-1.09421e-05,591.473444,2,0.252238,0,2,6186.50781
74282100101,2024-09-29T16:48:10Z,127.5251,8.5296e-06,6.2173e-06,279.588523,1,0.120945,0,0,25476.62988
74282100101,2024-10-09T01:55:29Z,126.9505,-2.21597e-05,-2.7919e-06,561.946875,1,0.192663,0,0,6316.32837
74282100101,2024-10-20T13:33:14Z,127.2045,3.6806e-06,4.6724e-06,216.26106,2,0.2537725758,0,0,24835.37598
74282100101,2024-10-29T22:40:33Z,127.3547,7.7773e-06,-2.09525e-05,558.958118,2,0.2816304356,0,0,5930.63574
74282100101,2024-11-19T19:25:38Z,127.8592,2.665339e-05,2.051084e-05,633.832248,2,0.22213993918,0,0,6197.83838
74282100101,2024-12-01T07:03:23Z,128.2495,1.691507e-05,0.00014985691,213.153807,2,0.50811278526,0,0,25198.87402
74282100101,2024-12-10T16:10:42Z,127.5185,3.14224e-06,9.2631e-06,575.062856,2,0.26197092618,0,1,6087.03052
74282100101,2024-12-22T03:48:26Z,127.9288,-7.41298e-05,-2.3696e-05,212.499378,2,0.74987553101,1,0,24765.64844
74282100101,2025-01-21T09:40:52Z,127.6986,-1.28366e-05,3.04251e-06,671.747908,2,0.20490834461,1,1,5995.13501
74282100101,2025-02-01T21:18:35Z,127.6796,7.27898e-06,8.86276e-06,231.804253,1,0.01549358165,1,1,25119.73145
74282100101,2025-02-11T06:25:55Z,129.3739,-0.000506926,-0.000350807,412.118046,2,0.3526462158,1,1,6648.39062
74282100101,2025-02-22T18:03:41Z,127.6916,7.74016e-06,1.004189e-05,229.930679,1,0.01298563786,1,1,24957.43555
74282100101,2025-03-04T03:11:00Z,127.6752,2.37804e-06,1.323015e-05,479.633472,2,0.27911449591,1,1,6853.02271
74282100101,2025-03-15T14:48:45Z,128.8888,2.064587e-05,2.271148e-05,267.656227,1,0.00337609968,1,1,24294.79297
74282100101,2025-03-24T23:56:05Z,128.95,1.62565e-05,1.761075e-05,601.910622,1,0.19904198388,0,1,6133.92725
74282100101,2025-04-05T11:33:48Z,128.903,2.285233e-05,2.29818e-05,264.765335,1,0.00370703779,0,1,24308.21289
74282100101,2025-04-14T20:41:10Z,129.6855,3.370247e-05,2.722426e-05,534.350339,1,0.12760988397,0,1,5671.25391
74282100101,2025-04-26T08:18:54Z,128.8626,2.469567e-05,2.450241e-05,263.794348,1,0.00455012234,0,1,25318.06836
74282100101,2024-06-05T21:25:00Z,128.1203,-0.001448354,-0.0011378515,539.275736,2,0.04423,0,0,5420.84619
74282100101,2024-08-07T11:40:12Z,127.7767,-9.45337e-05,-3.73803e-05,444.547943,2,0.219603,0,0,5728.58691
74295200111,2023-07-30T22:08:49Z,355.9666,0.00099599197,0.00097886466,128.413845,2,0.028877,0,0,-5036.13916
74295200111,2023-08-01T11:26:17Z,352.9376,0.00033534515,0.00031686889,12.049697,2,0.092543,0,0,-37628.52344
74295200111,2023-08-22T08:11:22Z,352.7473,0.00032602817,0.00031776113,36.56429,2,0.054012,0,0,-37558.9375
74295200111,2023-09-02T06:34:11Z,352.7122,0.00034251038,0.00032147095,9.467213,2,0.100103,0,0,59951.71094
74295200111,2023-09-10T15:39:01Z,352.7945,0.00021504276,0.00027363409,86.809186,2,0.015866,0,0,-5321.11426
74295200111,2023-09-12T04:56:28Z,352.656,0.00034380131,0.00031537269,8.432379,2,0.154537,0,0,-37352.52344
74295200111,2023-10-01T12:24:03Z,353.1834,5.90993e-06,0.00034142628,105.683121,2,0.011464,0,0,-5071.35449
74295200111,2023-10-03T01:41:30Z,352.6662,0.0002797735,0.00030274058,14.082039,1,0.112983,0,0,-38316.84375
74295200111,2023-10-14T00:04:18Z,352.8164,0.00034173704,0.00032779426,26.817901,1,0.039634,0,0,59314.29688
74295200111,2023-10-22T09:09:08Z,352.6804,0.0003091349,0.00028344211,148.074831,2,0.010202,0,0,-5194.15405
74295200111,2023-10-23T22:26:35Z,352.6507,0.0002910443,0.00029230165,11.247101,2,0.230652,0,0,-37796.02344
74295200111,2023-11-12T05:54:13Z,353.4472,7.66315e-06,0.00034299913,73.476787,1,0.006095,0,1,-5287.08594
74295200111,2023-11-13T19:11:40Z,354.0942,0.00031276268,0.0003098655,29.558209,2,0.09069,0,2,-37462.44531
74295200111,2024-03-08T01:19:54Z,353.2215,0.00034262293,0.00033984709,12.91807,2,0.047699,1,1,59841.08203
74295200111,2024-03-16T10:24:41Z,352.975,0.0001902459,0.00019493369,166.875545,2,0.004827,1,1,-5136.36084
74295200111,2024-03-28T22:04:58Z,353.5393,0.00032082869,0.00035832398,15.925427,2,0.044894,1,1,59980.59766
74295200111,2024-04-06T07:09:46Z,352.6628,0.00011364749,0.00047540864,288.917218,2,0.003842,0,1,-4748.85181
74295200111,2024-04-07T20:27:13Z,353.1517,0.00032171421,0.00031762102,60.567401,1,0.033015,0,1,-37436.875
74295200111,2024-04-18T18:50:04Z,353.9676,0.00029397814,0.00030102391,53.295061,1,0.006892,0,1,60462.70312
74295200111,2024-04-27T03:54:52Z,353.5024,0.0003291247,0.00034405837,243.194724,2,0.0085,0,1,-5589.64551
74295200111,2024-05-09T15:35:07Z,354.7478,0.00031809622,0.00029976676,32.772739,2,0.032832,0,1,59475.69531
74295200111,2024-05-18T00:39:56Z,354.076,0.00030309464,0.00031672598,137.199034,2,0.012469,0,1,-4942.56567
74295200111,2024-05-19T13:57:23Z,353.9382,0.00031291749,0.00031748375,87.109555,1,0.017597,0,1,-37871.36523
74295200111,2024-06-07T21:25:01Z,354.4018,0.00030131703,0.00030210721,268.118604,1,0.007127,0,1,-5345.10474
74295200111,2024-06-09T10:42:29Z,354.2378,0.00030702479,0.00031560602,56.593113,1,0.027196,0,0,-37227.92773
74295200111,2024-06-20T09:05:17Z,355.3591,0.00031139561,0.00029266062,34.640469,1,0.010037,0,0,60222.45508
74295200111,2024-06-28T18:10:05Z,357.0738,0.00032020999,0.00030432639,361.306947,2,0.001572,0,0,-5133.87451
74295200111,2024-06-30T07:27:32Z,356.5142,0.00030810994,0.00030380995,97.819395,1,0.051046,0,0,-37701.41016
74295200111,2024-07-11T05:50:20Z,355.1142,0.00027894022,0.00026370954,11.214143,2,0.217072,0,0,59347.49414
74295200111,2024-07-19T14:55:10Z,354.3236,0.00025215393,0.00027600551,115.144082,2,0.008393,0,0,-5446.01465
74295200111,2024-07-21T04:12:37Z,354.1586,0.00030360408,0.00029275178,27.192965,2,0.053034,0,0,-37789.3457
74295200111,2024-08-01T02:35:25Z,354.0748,0.00027843099,0.00027381661,10.769778,2,0.154972,0,0,59440.92969
74295200111,2024-08-09T11:40:15Z,353.7082,0.00029952733,0.00028382915,221.439036,2,0.004898,0,0,-5361.38281
74295200111,2024-08-11T00:57:42Z,353.4563,0.00030773481,0.00030552161,21.30996,2,0.080276,0,0,-37471.58203
74295200111,2024-08-21T23:20:29Z,353.5907,0.00028305855,0.0003036562,39.289727,2,0.068409,0,0,59481.38672
74295200111,2024-08-30T08:25:19Z,353.6546,6.227209e-05,0.00014228772,177.180229,2,0.00147,0,0,-5091.49805
74295200111,2024-08-31T21:42:47Z,353.4247,0.00030324353,0.00030390513,51.70059,1,0.04889,0,0,-37618.10938
74295200111,2024-09-11T20:05:35Z,353.2133,0.00031862061,0.00029666512,29.183636,1,0.062989,0,0,59742.18359
74295200111,2024-09-21T18:27:54Z,352.9874,0.00031343708,0.00031019728,76.618012,1,0.02083,0,1,-37310.72461
74295200111,2024-10-02T16:50:43Z,353.1141,0.0003358253,0.0003084098,35.950659,2,0.054907,0,0,60275.32031
74295200111,2024-10-11T01:55:31Z,353.9193,-3.09859e-05,-2.7148e-06,83.779633,2,0.012922,0,0,-5373.16162
74295200111,2024-10-12T15:12:58Z,352.9687,0.0002918239,0.0003245006,12.182051,2,0.180615,0,0,-37873.98047
74295200111,2024-11-23T08:43:08Z,353.1857,0.00030189815,0.00030484202,31.363458,2,0.10660336117,0,0,-37285.41406
74295200111,2024-12-04T07:05:56Z,353.1383,0.00027712336,0.00029822568,16.896232,2,0.09494878166,1,0,59843.69141
74295200111,2024-12-12T16:10:45Z,353.007,0.0002887342,0.00028472216,137.08483,2,0.01926219323,1,1,-4918.90991
74295200111,2024-12-14T05:28:12Z,353.1399,0.00029454836,0.00030834085,56.460114,1,0.02824218001,1,0,-37591.01953
74295200111,2024-12-25T03:51:00Z,352.8915,0.00027750559,0.00029832372,19.266676,2,0.11955057383,1,1,59836.63672
74295200111,2025-01-02T12:55:49Z,353.0916,0.00028430561,0.00025007748,143.260753,2,0.01445558397,1,1,-5305.74878
74295200111,2025-01-04T02:13:16Z,352.7871,0.00030413768,0.00030763729,38.401196,1,0.06250472504,1,1,-37560.72852
74295200111,2025-01-23T09:40:54Z,352.8528,0.00031198629,0.00031985422,130.533626,2,0.02679812464,2,1,-5288.52173
74295200111,2025-01-24T22:58:21Z,352.9868,0.00029967572,0.00029893724,40.551206,1,0.05672340558,2,1,-37246.34766
74295200111,2025-02-04T21:21:08Z,353.0838,0.00032689394,0.0003153047,26.198002,2,0.07418991735,1,1,59757.88281
74295200111,2025-02-13T06:25:57Z,353.5003,0.00030541353,0.00029938865,143.3095,2,0.05915158045,1,1,-4975.44263
74295200111,2025-02-14T19:43:25Z,353.1312,0.00030984737,0.0003375117,56.955228,1,0.03127767105,1,1,-37544.96484
74295200111,2025-02-25T18:06:14Z,353.438,0.00028921456,0.00030836607,20.906334,2,0.13547645249,1,1,59715.18945
74295200111,2025-03-06T03:11:02Z,353.0059,0.00027165046,0.00015194629,150.073956,1,0.04597392285,1,1,-4581.75977
74295200111,2025-03-07T16:28:29Z,352.8121,0.00030951697,0.00030819488,54.93503,1,0.02182028705,1,1,-38386.20117
74295200111,2025-03-26T23:56:07Z,353.7213,-1.36954e-05,0.00028796094,135.159645,2,0.01341518199,1,1,-5144.46118
74295200111,2025-04-08T11:36:22Z,353.3581,0.00028166182,0.00029193031,10.241832,2,0.38348442962,0,1,59696.66992
74295200111,2025-04-18T09:58:39Z,353.1714,0.00031193758,0.00030696387,74.925222,1,0.01950852329,0,1,-37212.04297
74295200111,2025-04-29T08:21:27Z,353.0362,0.00031423091,0.00030824111,56.247323,1,0.02322903904,0,1,60205.00391
74295100321,2023-08-01T11:25:47Z,293.4372,-0.0001660046,-0.0001825506,173.613639,2,0.684406,0,0,57455.23242
74295100321,2023-08-11T09:48:04Z,293.9251,-5.60917e-05,-0.0001410194,166.336144,2,0.548124,0,0,-42817.13672
74295100321,2023-08-22T08:10:52Z,292.7825,-0.0001081583,-0.0001324842,164.155509,2,0.438393,0,0,57523.42969
74295100321,2023-09-01T06:33:09Z,292.7777,-0.0001515268,-0.0001513051,212.438425,1,0.015537,0,0,-42926.16602
74295100321,2023-09-10T15:39:31Z,292.8672,-0.0001533519,-0.0001535314,381.436995,1,0.057271,0,0,-4473.59668
74295100321,2023-09-12T04:55:58Z,294.6041,-0.0001452706,-0.0001648621,163.998529,2,0.926136,0,0,57651.28516
74295100321,2023-10-03T01:41:00Z,293.5129,-7.17588e-05,-0.0001431938,169.314741,2,0.668825,0,0,56731.23828
74295100321,2023-10-13T00:03:16Z,292.9545,-0.0001531625,-0.0001522171,205.077509,1,0.047072,0,0,-43662.9375
74295100321,2023-10-22T09:09:38Z,292.7732,-0.0001471565,-0.0001510805,377.198773,1,0.07044,0,0,-4675.00391
74295100321,2023-10-23T22:26:05Z,292.9186,-0.0001272785,-0.0001637034,179.588208,2,0.088652,0,0,57241.38086
74295100321,2023-11-02T20:48:22Z,292.6584,-0.0001535445,-0.0001514876,212.747715,1,0.013138,0,0,-42846.18945
74295100321,2023-11-12T05:54:43Z,292.6745,-0.0001552065,-0.0001540467,266.153628,2,0.077081,0,1,-4739.66162
74295100321,2023-11-13T19:11:10Z,290.2532,-0.0001682062,-0.0001624002,179.662833,2,0.085073,0,2,57625.04492
74295100321,2023-11-23T17:33:27Z,292.8163,-0.000153163,-0.000154585,189.311807,1,0.007311,0,0,-42915.99805
74295100321,2023-12-03T02:39:49Z,291.042,-9.14324e-05,-0.0001363678,393.350554,2,0.174016,0,1,-4793.53296
74295100321,2023-12-04T15:56:16Z,290.7867,-0.0002282077,-0.0001780429,174.464387,2,0.19707,0,0,57350.79688
74295100321,2023-12-14T14:18:30Z,292.1562,-0.0001031101,-0.0001120401,170.482527,2,0.696023,1,0,-43915.26953
74295100321,2023-12-23T23:24:54Z,290.9053,-8.46101e-05,-0.0001362167,346.162377,2,0.151228,1,2,-4910.70801
74295100321,2024-01-04T11:03:37Z,290.5597,-0.0001658659,-0.000160279,153.165274,2,0.486869,1,1,-43186.30078
74295100321,2024-01-13T20:09:58Z,290.5119,-0.0001210558,-0.000144756,351.320429,1,0.144034,1,1,-4212.44043
74295100321,2024-01-25T07:48:43Z,290.8944,-0.0001690354,-0.0001839318,150.485236,2,0.544418,1,1,-43004.94336
74295100321,2024-02-03T16:55:04Z,290.8615,-7.27757e-05,-0.0001293883,405.221995,1,0.190626,1,1,-4585.27612
74295100321,2024-02-05T06:11:31Z,292.2352,-0.0003091468,-0.0002153848,149.610662,2,0.951647,1,1,57263.18164
74295100321,2024-02-15T04:33:48Z,290.8259,-0.0001564524,-0.0001588976,229.861447,1,0.036782,1,1,-43304.37891
74295100321,2024-02-24T13:40:10Z,290.8394,-0.0001570672,-0.0001547966,369.114349,1,0.219148,1,1,-5137.521
74295100321,2024-02-26T02:56:37Z,292.1501,-0.0002826619,-0.0002686016,156.676721,2,0.966449,1,1,57430.71875
74295100321,2024-03-07T01:18:52Z,290.8336,-0.0001725894,-0.0001888926,180.459133,2,0.405666,1,1,-43193.88867
74295100321,2024-03-27T22:03:56Z,292.9037,-0.0001514571,-0.0001539628,196.389897,1,0.066442,0,1,-42788.1582
74295100321,2024-04-06T07:10:16Z,292.7355,-0.0001521567,-0.0001554655,385.281245,2,0.111944,0,1,-4250.90283
74295100321,2024-04-07T20:26:44Z,292.5934,-0.0001471354,-0.0001549335,194.742166,1,0.003173,0,1,57637.45703
74295100321,2024-05-08T15:34:05Z,294.3322,-0.0001475846,-0.0001457214,227.316679,1,0.060115,0,1,-43450.41211
74295100321,2024-05-19T13:56:54Z,294.0377,-0.000279443,-0.0002327916,170.529933,2,0.773359,0,1,57152.83594
74295100321,2024-05-29T12:19:10Z,294.2268,-0.0002302334,-0.0002093952,147.081718,2,0.489399,0,1,-43065.20117
74295100321,2024-06-07T21:25:32Z,294.0481,-0.0001467746,-0.0001453504,371.651813,2,0.047385,0,1,-4759.81714
74295100321,2024-06-09T10:41:59Z,295.8173,-0.0001137181,-0.0001747906,165.332297,2,0.882516,0,0,57814.98242
74295100321,2024-06-19T09:04:15Z,294.8873,-0.0001060927,-9.05806e-05,199.104111,2,0.343083,0,0,-42724.16992
74295100321,2024-06-28T18:10:35Z,298.9176,-0.000189295,-8.94845e-05,284.260716,2,0.064992,0,0,-4668.32935
74295100321,2024-06-30T07:27:02Z,297.8834,-0.0001670852,-0.0001662547,225.709152,1,0.310562,0,0,57296.05078
74295100321,2024-07-10T05:49:18Z,294.7428,-8.40281e-05,-0.000117628,155.339018,2,0.553994,0,0,-43446.13672
74295100321,2024-07-19T14:55:40Z,293.6466,-0.000153629,-0.000160304,411.238492,2,0.0862,0,0,-4560.57373
74295100321,2024-08-09T11:40:45Z,292.9312,-0.0001523748,-0.0001531283,384.004471,1,0.064961,0,0,-4798.76904
74295100321,2024-08-11T00:57:12Z,292.9752,-0.0001594849,-0.0001543486,168.280377,2,0.29259,0,0,57434.11133
74295100321,2024-08-20T23:19:27Z,292.9137,-0.0001549098,-0.0001519897,195.470336,2,0.147771,0,0,-43446.00977
74295100321,2024-08-30T08:25:50Z,293.0942,-0.0001372834,-0.0001250961,360.527857,2,0.071012,0,0,-4627.14014
74295100321,2024-08-31T21:42:17Z,293.0804,-0.0001556676,-0.0001573524,181.605223,1,0.102963,0,0,57529.33984
74295100321,2024-09-10T20:04:33Z,293.2141,-0.0001536568,-0.0001515454,231.916303,1,0.007617,0,0,-43123.51562
74295100321,2024-09-21T18:27:24Z,293.1881,-0.0001571096,-0.0001550619,199.858071,1,0.008271,0,1,57762.08008
74295100321,2024-10-01T16:49:41Z,292.9075,-0.0001506028,-0.0001511736,221.294121,1,0.011566,0,0,-42564.02734
74295100321,2024-10-11T01:56:01Z,293.15,-0.0001496333,-0.0001487239,271.717262,1,0.062636,0,0,-4559.13525
74295100321,2024-10-12T15:12:28Z,293.6564,-0.0001303881,-0.0001153552,169.056323,2,0.687004,0,0,57263.46094
74295100321,2024-10-22T13:34:45Z,293.0931,-0.0001488986,-0.0001516766,202.829983,2,0.3068572493,0,0,-43184.82617
74295100321,2024-11-02T11:57:32Z,292.9905,-0.000170131,-0.0001569047,169.648071,2,0.8908164864,0,1,57047.98633
74295100321,2024-11-12T10:19:49Z,292.9008,-0.0001499036,-0.0001551672,197.947176,1,0.2891850258,0,0,-43140.07812
74295100321,2024-11-23T08:42:38Z,293.0972,-0.0001205791,-0.0001258661,169.619856,2,0.89965678357,0,0,57774.76367
74295100321,2024-12-03T07:04:54Z,291.4797,-0.0001496709,-0.000159471,189.29549,2,0.44734993447,0,0,-42995.70898
74295100321,2024-12-12T16:11:15Z,290.8563,-0.0001524576,-0.0001524715,493.85643,2,0.13159882123,1,1,-4127.01221
74295100321,2024-12-14T05:27:42Z,290.804,-0.0001689079,-0.000157306,170.581868,1,0.44364970357,1,0,57461.40039
74295100321,2024-12-24T03:49:58Z,292.1933,-0.0001842053,-0.0001913569,192.972806,2,0.69875958028,1,1,-43148.06055
74295100321,2025-01-02T12:56:20Z,290.9255,-0.000150894,-0.0001510519,414.285535,2,0.13195097032,1,1,-4843.48584
74295100321,2025-01-04T02:12:47Z,292.0411,-0.0001516631,-0.0001418585,171.980937,2,0.91831191838,1,1,57487.78125
74295100321,2025-01-14T00:35:02Z,290.9551,-0.0001403513,-0.0001506973,200.499158,1,0.10181717659,1,1,-43176.12891
74295100321,2025-01-23T09:41:24Z,291.1952,-0.0001294392,-0.0001322369,387.354167,1,0.10053337924,1,1,-4986.00854
74295100321,2025-01-24T22:57:51Z,292.1095,-0.000155564,-0.0001375089,172.910414,2,0.70998895658,1,1,57822.66211
74295100321,2025-02-03T21:20:06Z,291.1168,-0.0001581732,-0.0001527602,215.860824,1,0.01710447734,1,1,-43084.69531
74295100321,2025-02-13T06:26:28Z,290.7085,-0.0001437058,-0.000148062,490.639652,2,0.0615261637,1,1,-3738.75989
74295100321,2025-02-14T19:42:55Z,290.411,-0.0001598066,-0.0001585134,177.19715,1,0.09560257468,1,1,57502.19922
74295100321,2025-02-24T18:05:12Z,291.905,-0.000191855,-0.0001488997,201.786891,2,0.51441144086,1,1,-43144.87305
74295100321,2025-03-06T03:11:32Z,290.998,-0.0001486828,-0.0001495354,608.25031,1,0.0800257287,1,1,-3493.77979
74295100321,2025-03-07T16:27:59Z,291.1351,-0.0001643733,-0.0001542425,182.26067,1,0.24551144072,1,1,56642.25
74295100321,2025-03-17T14:50:16Z,291.0726,-0.0001505576,-0.0001526169,207.508913,1,0.04549949726,1,1,-43583.17578
74295100321,2025-03-26T23:56:37Z,292.2937,-0.0001439515,-0.000147721,489.187348,2,0.14324538279,0,1,-4598.87427
74295100321,2025-03-28T13:13:04Z,292.1375,-0.0001483717,-0.0001493177,210.31233,1,0.02325013537,0,1,56905.11523
74295100321,2025-04-07T11:35:20Z,292.541,-0.0001488533,-0.0001485704,220.017895,1,0.05503692863,0,1,-43525.11719
74295100321,2025-04-18T09:58:10Z,292.4004,-0.0001467112,-0.0001488179,208.66601,1,0.02039448375,0,1,57844.85742
74295100321,2025-04-28T08:20:26Z,292.5454,-0.0001476337,-0.0001500774,246.06878,1,0.01389997202,0,1,-42694.41992
74295100321,2023-10-01T12:24:34Z,292.862,-0.0001513643,-0.0001611407,393.771273,1,0.070169,0,0,-4328.73657
74295100321,2024-01-15T09:26:25Z,289.1941,-0.0001771415,-0.0002319155,167.567751,2,0.862207,1,1,57278.93945
74295100321,2024-07-21T04:12:07Z,294.9973,-0.0001275255,-0.0002168833,163.517631,2,0.931469,0,0,57258.30273
74270100061,2023-08-08T09:45:20Z,97.0113,0.00012200704,0.00012799636,794.310722,2,0.090288,0,2,-24966.11523
74270100061,2023-08-29T06:30:25Z,93.4917,0.0001328172,0.00011422503,747.380441,1,0.116253,0,0,-25151.67383
74270100061,2023-09-08T15:39:39Z,92.8848,0.00012813835,0.00012459681,755.688041,1,0.112128,0,0,-33111.47656
74270100061,2023-09-19T03:15:31Z,92.6363,0.00013208213,0.00013649186,758.257201,1,0.163268,0,0,-25303.15625
74270100061,2023-09-29T12:24:42Z,93.2457,0.00012610721,0.00013109861,682.313087,1,0.185871,0,0,-32904.26953
74270100061,2023-10-10T00:00:33Z,93.3597,0.00012908013,0.00012816495,571.619797,1,0.150021,0,0,-26039.86816
74270100061,2023-10-20T09:09:46Z,93.7261,0.00012481845,0.00013157449,701.477044,1,0.214323,0,0,-33219.07031
74270100061,2023-10-30T20:45:38Z,93.9069,0.00012775262,0.00012889305,822.221752,1,0.076808,0,0,-25118.74219
74270100061,2023-11-10T05:54:51Z,94.1222,0.00011972548,0.0001234813,707.336053,1,0.183556,0,1,-33305.52734
74270100061,2023-11-20T17:30:43Z,93.5481,0.00012748097,0.00012565828,748.087042,1,0.130445,0,0,-25229.07031
74270100061,2023-12-01T02:39:57Z,93.1619,0.00012301439,0.00012490858,753.758344,1,0.109267,0,1,-33235.375
74270100061,2023-12-11T14:15:48Z,93.2748,0.00014952552,0.00014366457,667.940998,1,0.249748,0,0,-25756.21875
74270100061,2023-12-21T23:25:01Z,94.1513,0.00013060133,0.0001298424,603.722367,2,0.229545,0,2,-32915.26172
74270100061,2024-01-01T11:00:54Z,94.0703,0.00012164038,0.00012759515,791.394715,1,0.072982,0,1,-25256.13281
74270100061,2024-01-11T20:10:06Z,94.1128,0.00012333396,0.00012616245,753.783274,1,0.08123,0,1,-32852.8125
74270100061,2024-02-01T16:55:13Z,97.6866,9.888669e-05,0.00010336763,825.275771,1,0.050501,0,1,-33082.53125
74270100061,2024-02-12T04:31:04Z,96.5464,0.00010170996,0.00011811547,803.948254,1,0.059386,0,1,-25611.03906
74270100061,2024-02-22T13:40:18Z,95.364,0.00011375076,0.0001159526,810.446975,1,0.071662,0,1,-33374.89062
74270100061,2024-03-04T01:16:09Z,94.03,0.00011719894,0.00011751676,741.885193,1,0.081685,0,1,-25220.45508
74270100061,2024-03-24T22:01:12Z,94.8431,0.00011309537,0.00011588072,820.892092,1,0.052547,0,1,-25003.0918
74270100061,2024-04-04T07:10:24Z,96.9714,0.00013179354,0.00013245694,828.322587,1,0.058674,0,1,-32877.14062
74270100061,2024-04-14T18:46:18Z,97.5643,9.355984e-05,0.00010446364,912.709929,1,0.028652,0,0,-24800.58984
74270100061,2024-04-25T03:55:31Z,97.5215,0.00010284303,0.00010663796,788.974664,1,0.08023,0,1,-32805.44531
74270100061,2024-05-05T15:31:21Z,101.2483,0.00012699503,0.00012725343,871.544094,2,0.042933,0,2,-25791.43164
74270100061,2024-05-16T00:40:35Z,101.294,0.00011104676,0.00010929542,847.591408,1,0.121073,0,0,-32797.40625
74270100061,2024-06-05T21:25:41Z,100.2749,0.00012119192,0.0001177738,1128.230808,1,0.036344,0,0,-33779.11719
74270100061,2024-06-16T09:01:32Z,99.5792,0.00012448499,0.00012533317,839.189247,1,0.037824,0,0,-24898.83008
74270100061,2024-06-26T18:10:44Z,97.9361,0.00013741932,0.00012934584,862.930503,2,0.053772,0,2,-33099.5
74270100061,2024-07-07T05:46:34Z,101.5943,0.00012780439,0.00013040794,848.147291,1,0.030185,0,0,-25876.50391
74270100061,2024-07-17T14:55:49Z,101.15,0.00011434957,0.00012604531,946.509249,1,0.142178,0,0,-33103.17188
74270100061,2024-07-28T02:31:40Z,98.2727,0.00010264263,9.883496e-05,893.218064,2,0.037265,0,2,-25527.08594
74270100061,2024-08-07T11:40:53Z,97.691,0.00012567745,0.0001252936,791.693935,1,0.038455,0,0,-33268.04688
74270100061,2024-08-17T23:16:45Z,95.9517,0.00012742403,0.00012916252,796.575815,1,0.036027,0,0,-25459.9082
74270100061,2024-08-28T08:25:57Z,95.0153,0.00012384648,0.0001275281,761.703933,1,0.103279,0,0,-33049.37891
74270100061,2024-09-07T20:01:50Z,94.5813,0.00012566856,0.00012689958,810.41561,1,0.065031,0,0,-25037.25
74270100061,2024-09-18T05:11:04Z,92.9128,0.00013942915,0.0001450839,629.184841,2,0.258495,0,2,-32835.30078
74270100061,2024-09-28T16:46:58Z,94.6893,0.0001241737,0.0001304725,872.050185,1,0.054258,0,0,-24715.70117
74270100061,2024-10-09T01:56:10Z,93.4057,0.0001286028,0.0001306299,673.051003,1,0.294963,0,0,-33274.82422
74270100061,2024-10-19T13:32:02Z,93.1692,0.0001337457,0.0001340994,757.338084,2,0.2866771121,0,0,-25300.01172
74270100061,2024-10-29T22:41:14Z,93.1004,0.0001332289,0.0001269758,797.353809,1,0.1782600619,0,0,-33256.82812
74270100061,2024-11-19T19:26:19Z,94.4729,0.00011665365,0.00011994688,801.783961,2,0.32205585226,0,0,-33381.58984
74270100061,2024-11-30T07:02:11Z,94.7547,0.00012772928,0.00012746968,773.838604,1,0.14267388161,0,0,-24898.08789
74270100061,2024-12-10T16:11:23Z,93.1058,0.00012586093,0.00012542887,802.163507,1,0.14133185731,0,1,-33030.73438
74270100061,2024-12-21T03:47:14Z,94.9691,0.00011716821,0.00011827913,864.058079,1,0.10358007081,0,1,-25494.64062
74270100061,2025-01-21T09:41:32Z,94.1089,0.00012091032,0.00012035741,777.379672,1,0.14182885231,1,1,-33306.72266
74270100061,2025-01-31T21:17:24Z,93.4617,0.0001273035,0.00012462906,866.745566,2,0.12036851046,0,1,-24989.23047
74270100061,2025-02-11T06:26:36Z,94.6528,0.00010021221,9.931053e-05,679.949676,2,0.56658426562,0,1,-32526.39844
74270100061,2025-02-21T18:02:29Z,95.7172,2.765931e-05,3.058539e-05,802.56413,1,0.26420959524,0,1,-25228.88281
74270100061,2025-03-04T03:11:40Z,93.9986,8.835531e-05,8.756855e-05,803.127953,1,0.13173053071,0,1,-32360.75781
74270100061,2025-03-14T14:47:33Z,96.0681,0.0001136883,0.00011896854,894.375526,2,0.08402090074,0,1,-25922.75586
74270100061,2025-03-24T23:56:46Z,95.8356,0.00010666514,0.00011271957,771.577299,1,0.25247701562,0,1,-33091.83594
74270100061,2025-04-04T11:32:36Z,96.2341,0.00011183527,0.00011270458,885.437116,2,0.0772955471,0,1,-26097.98438
74270100061,2025-04-14T20:41:51Z,100.1946,7.447957e-05,7.016439e-05,1002.285731,2,0.11983517487,0,1,-33591.36719
74270100061,2025-04-25T08:17:42Z,100.7287,9.931821e-05,0.00010235163,958.276585,2,0.097162988,0,1,-24824.13867
74267300251,2023-07-26T22:08:19Z,120.1254,0.00105535643,0.00102570542,766.522751,1,0.01895463931,0,0,50051.79297
74267300251,2023-07-27T11:22:29Z,119.9622,0.00106434526,0.00103232253,750.920252,1,0.06108914421,0,0,-53013.52344
74267300251,2023-08-06T20:31:12Z,120.2423,0.00108314464,0.00104120412,771.887444,1,0.03761131772,0,0,-55667.98047
74267300251,2023-08-07T09:45:22Z,120.1228,0.00108320287,0.00103152298,777.604345,1,0.06834549683,0,0,52841.08984
74267300251,2023-08-27T17:16:17Z,121.4818,0.00097625897,0.00093171741,784.087648,2,0.02662757546,0,2,-55293.98047
74267300251,2023-08-28T06:30:26Z,121.1419,0.00095553263,0.00092290096,756.554738,1,0.07112517652,0,0,52629.63281
74267300251,2023-09-06T15:38:31Z,120.0989,0.0011076989,0.00108208456,743.575885,1,0.05448827143,0,0,49612.75391
74267300251,2023-09-07T04:52:41Z,119.9538,0.0011003557,0.0010770809,733.291867,1,0.08247059489,0,0,-52470.18359
74267300251,2023-09-17T14:01:23Z,118.5864,0.00108466097,0.00095237465,745.426823,1,0.5090422441,0,0,-55730.8125
74267300251,2023-09-18T03:15:32Z,120.4279,0.0010993829,0.00106776844,737.107614,1,0.29770221248,0,0,52519.07031
74267300251,2023-09-27T12:23:35Z,121.0599,0.00108207012,0.00125862247,687.65884,2,0.43267107666,0,2,49692.61719
74267300251,2023-09-28T01:37:44Z,120.2938,0.00109489393,0.00103156592,710.725291,1,0.28453029514,0,1,-53124.15234
74267300251,2023-10-18T22:22:48Z,120.1392,0.00107275301,0.00104008778,756.329996,1,0.07603567949,0,0,-52797.60547
74267300251,2023-10-29T07:31:30Z,119.7082,0.0010848763,0.00101905138,743.849381,1,0.32351012084,0,0,-55806.29688
74267300251,2023-10-29T20:45:39Z,120.1973,0.00107043538,0.00106091079,752.835202,1,0.14446830412,0,0,52644.21094
74267300251,2023-11-08T05:53:44Z,118.6791,0.00107833033,0.00161338965,705.699956,1,0.64717073587,0,0,49259.79297
74267300251,2023-11-08T19:07:53Z,120.2617,0.00107915913,0.00104557756,777.535782,1,0.02343783499,0,0,-52388.63281
74267300251,2023-11-19T04:16:35Z,119.8108,0.00109083433,0.00101857807,734.339624,1,0.49544353579,0,0,-55620.91406
74267300251,2023-11-19T17:30:44Z,119.3134,0.00113092318,0.00100641483,729.814266,1,0.54379112056,0,0,52522.60938
74267300251,2023-11-29T02:38:49Z,119.9252,0.00102807412,0.00094584893,738.509033,1,0.15862401075,0,0,49387.21094
74267300251,2023-12-10T01:01:40Z,120.4761,0.00098566401,0.00096728955,750.182805,1,0.28240438969,0,0,-55461.67188
74267300251,2023-12-10T14:15:49Z,120.6338,0.00099343925,0.00096138958,790.78163,1,0.02069140112,0,0,52158.80078
74267300251,2023-12-19T23:23:53Z,117.5125,0.00106467917,0.00099407464,731.099429,2,0.2261907428,0,2,49888.59375
74267300251,2023-12-20T12:38:02Z,119.3739,0.0010255604,0.00092767147,724.137353,1,0.48096890937,0,0,-53195.57031
74267300251,2023-12-30T21:46:46Z,122.068,0.00081628988,0.00078535681,793.793745,1,0.04152503228,0,0,-55891.87109
74267300251,2023-12-31T11:00:55Z,121.945,0.00080395606,0.00077768506,774.425924,1,0.11295250167,0,0,52536.83984
74267300251,2024-01-09T20:08:59Z,121.7786,0.00084578879,0.00082979168,799.159699,1,0.01357143118,1,0,49607.28125
74267300251,2024-01-21T07:46:01Z,121.0462,0.00087550266,0.00078447805,754.199402,1,0.26185265467,1,0,52566.24609
74267300251,2024-01-30T16:54:05Z,127.2968,0.00025270293,0.00024660905,883.677716,1,0.01311242788,1,0,49553.25
74267300251,2024-01-31T06:08:14Z,127.2707,0.00024917405,0.00022891782,855.612722,1,0.10302017442,1,0,-52685.63281
74267300251,2024-02-10T15:16:56Z,120.7911,0.00093951216,0.00080704814,791.696202,1,0.32690765649,1,0,-55373.23047
74267300251,2024-02-11T04:31:05Z,121.2322,0.00090239059,0.00085286404,786.575616,1,0.13703208411,1,0,52181.57031
74267300251,2024-02-20T13:39:10Z,120.2316,0.00089652005,0.00050474772,784.858354,1,0.46485218985,1,0,49363.41406
74267300251,2024-02-21T02:53:19Z,120.5334,0.00089454338,0.00064387559,750.669348,1,0.64541630918,1,0,-52712.19531
74267300251,2024-03-02T12:02:01Z,124.0304,0.00053257304,0.00053226133,825.045468,1,0.36387431349,0,0,-56119.40625
74267300251,2024-03-03T01:16:10Z,124.1743,0.00052165743,0.0005190326,826.673231,1,0.3719454982,1,0,52619.03125
74267300251,2024-03-12T10:24:13Z,124.5663,0.00045908642,0.00022090022,830.946482,1,0.10604433004,0,0,49348.27734
74267300251,2024-03-12T23:38:22Z,125.3131,0.00044815213,0.00041713699,828.056599,1,0.08649670658,0,0,-52823.44531
74267300251,2024-03-23T08:47:04Z,121.57,0.00087417056,0.00084115458,809.722522,1,0.02111679493,0,0,-56010.73828
74267300251,2024-03-23T22:01:14Z,121.4409,0.00089177447,0.00086525961,805.909904,1,0.01834126585,0,0,52810.19922
74267300251,2024-04-02T07:09:17Z,121.5591,0.00086393685,0.00083359965,788.162561,1,0.04447782768,0,0,49682.13672
74267300251,2024-04-02T20:23:26Z,121.7733,0.00082731419,0.00079990256,818.805976,1,0.01161716979,0,0,-52600.1875
74267300251,2024-04-13T18:46:19Z,127.3828,0.00025026284,0.00025063099,871.758686,1,0.00542507051,0,0,53025.82422
74267300251,2024-04-23T03:54:23Z,124.0103,0.00053032571,0.00029395482,809.679239,1,0.13045000242,0,0,49697.63281
74267300251,2024-04-23T17:08:33Z,124.1605,0.00059089432,0.00057476871,836.821347,1,0.01054611698,0,0,-52287.21484
74267300251,2024-05-14T00:39:27Z,121.8001,0.00080823108,0.00078409381,785.420201,1,0.01348859899,0,0,49830.08984
74267300251,2024-05-25T12:16:27Z,120.5679,0.00092003688,0.0008648998,756.464681,1,0.20160672901,0,0,52082.56641
74267300251,2024-06-03T21:24:33Z,120.2669,0.00104430634,0.00101251026,756.323981,1,0.04574892956,0,0,49034.53125
74267300251,2024-06-14T19:47:24Z,120.2732,0.00104694243,0.00101105465,744.55844,1,0.18031635738,0,0,-56080.96094
74267300251,2024-06-15T09:01:33Z,120.6385,0.00107893468,0.00106334297,675.945921,1,0.52511701984,0,0,52930.25391
74267300251,2024-06-25T07:23:46Z,119.5359,0.00105854599,0.00096463303,707.491556,1,0.53597361415,0,0,-52459.25781
74267300251,2024-07-05T16:32:26Z,120.1568,0.00105671324,0.00098204845,738.119824,1,0.32457135988,0,0,-55052.01562
74267300251,2024-07-06T05:46:35Z,120.0469,0.00105959572,0.00103180538,732.668531,1,0.33918218857,0,0,52034.61719
74267300251,2024-07-15T14:54:41Z,120.0722,0.00110776952,0.00106963649,752.802974,1,0.0297149422,0,0,49633.25
74267300251,2024-07-16T04:08:50Z,120.0455,0.00108630452,0.00104783096,743.802841,1,0.0577495173,0,0,-52805.51562
74267300251,2024-07-26T13:17:32Z,120.298,0.00110660976,0.00107109645,747.146838,1,0.11596635756,0,0,-55737.25391
74267300251,2024-07-27T02:31:42Z,120.3158,0.00108429561,0.00104835834,750.182329,1,0.17507443563,0,0,52277.19922
74267300251,2024-08-05T11:39:45Z,118.882,0.00101990009,0.00083694205,708.41216,1,0.3110232472,0,0,49505.85547
74267300251,2024-08-06T00:53:54Z,120.0838,0.00106759752,0.0010142661,721.11269,1,0.40172141873,0,0,-53069.02734
74267300251,2024-08-16T10:02:37Z,119.5888,0.00112642919,0.00102845829,748.723243,1,0.22717504361,0,0,-55981.60547
74267300251,2024-08-16T23:16:46Z,120.0324,0.00111145602,0.00108436936,758.89738,1,0.03670663858,0,0,52446.0625
74267300251,2024-08-26T08:24:49Z,117.9492,0.00109158934,0.00090123267,719.533802,1,0.6938510971,0,0,49737.28125
74267300251,2024-08-26T21:38:59Z,119.4298,0.00111854192,0.00102771876,716.008186,1,0.29248866778,0,0,-52917.85938
74267300251,2024-09-06T06:47:42Z,119.755,0.00113174647,0.0010542925,738.294926,1,0.73997512777,0,0,-55782.89844
74267300251,2024-09-06T20:01:52Z,119.8964,0.00111467374,0.00108013745,750.77573,1,0.10951719218,0,0,52854.55078
74267300251,2024-10-07T01:55:03Z,120.3163,0.00105472045,0.00103383391,739.7213,1,0.09332085679,0,0,49197.01562
74267300251,2024-10-07T15:09:12Z,120.1937,0.00106529389,0.00103413599,757.94821,1,0.0353384964,0,0,-52487.18359
74267300251,2024-10-28T11:54:16Z,119.7819,0.00111234173,0.0010431441,725.637749,1,0.36177577966,0,0,-52882.4375
74267300251,2024-11-07T21:02:58Z,120.1072,0.00106836245,0.00100968384,734.079235,1,0.36067237124,0,0,-56009.05078
74267300251,2024-11-08T10:17:07Z,120.42,0.00105350007,0.0010348228,749.890121,1,0.28575589088,0,0,52616.57422
74267300251,2024-11-17T19:25:11Z,120.4537,0.0010326677,0.00098764779,764.22603,1,0.02371679766,0,0,49372.07812
74267300251,2024-11-18T08:39:20Z,119.4871,0.00100417743,0.00090763609,729.520819,1,0.54002482621,0,0,-52532.44531
74267300251,2024-11-28T17:48:03Z,120.9382,0.0009689981,0.0009326686,785.365383,1,0.03199521453,0,0,-56076.88281
74267300251,2024-11-29T07:02:12Z,121.2421,0.00092325068,0.00089045964,794.574567,1,0.01943546633,0,0,52970.32812
74267300251,2025-01-10T00:32:20Z,122.1439,0.00075873768,0.00068600333,776.670987,1,0.29927315158,1,0,52271.06641
74267300251,2025-01-19T09:40:25Z,121.0814,0.00092426426,0.00088052509,791.338801,1,0.01473617462,1,0,49366.34766
74267300251,2025-01-19T22:54:34Z,121.5751,0.00087452859,0.00085520712,804.5951,1,0.01362748931,1,0,-52272.01562
74267300251,2025-01-30T08:03:16Z,119.0873,0.00121627659,0.00056145687,723.529464,1,0.69076014715,1,0,-55705.19531
74267300251,2025-05-14T15:48:38Z,122.1293,0.00068065724,0.0005367982,793.606043,1,0.41565410894,0,0,-55463.125
74267300251,2025-05-24T14:10:53Z,122.5969,0.00068026511,0.0006363836,795.356318,1,0.13741965857,0,0,49501.08594
74267300251,2025-05-25T03:25:02Z,122.0442,0.00069694783,0.00056958671,789.561213,1,0.39640819824,0,0,-52670.25781
74267300251,2025-06-05T01:47:54Z,122.9039,0.00051649005,0.00021181537,819.347616,1,0.20239784859,0,0,52455.63281
74267300251,2025-06-14T10:55:57Z,122.0433,0.00070843713,0.0006466518,791.079472,1,0.1042388909,0,0,49726.92578
74267300251,2025-06-15T00:10:06Z,122.1125,0.00075590923,0.00069664793,784.250109,1,0.11228090208,0,0,-53153.92188
74267300251,2025-06-25T09:18:49Z,121.9302,0.00112344129,0.00070835879,773.296227,1,0.42070087824,0,0,-55777.6875
74267300251,2025-06-25T22:32:59Z,121.702,0.00078155447,0.00070914274,792.631963,1,0.03048404658,0,0,52389.5
74267300251,2025-07-05T07:41:03Z,120.994,0.00083244172,0.00075345843,770.683321,1,0.20807705023,0,0,49251.16016
74267300251,2025-07-05T20:55:13Z,121.4262,0.00087351482,0.00086719223,752.600178,1,0.05634736142,0,0,-52516.98438
74267300251,2025-07-16T06:03:55Z,120.5938,0.00091332342,0.00093867415,735.948375,2,0.55103389211,0,2,-55898.49219
74267300251,2025-07-16T19:18:05Z,120.7183,0.00099971345,0.00096199456,787.840779,1,0.02258939393,0,0,52784.62891
74267300251,2025-07-26T04:26:08Z,119.9697,0.0009309987,0.00100470924,705.646731,1,0.37075590503,0,0,49638.96094
74267300251,2025-07-26T17:40:18Z,120.0475,0.00103747684,0.00100443485,773.975996,1,0.01975570445,0,0,-52664.01172
74267300251,2025-08-06T02:48:59Z,119.8935,0.00106676914,0.00102578743,749.92519,1,0.44601848883,0,0,-55213.93359
74267300251,2025-08-06T16:03:08Z,119.67,0.00111569557,0.00098375525,719.072721,1,0.38821306579,0,0,52014.11719
74267300251,2025-08-16T01:11:12Z,119.6057,0.00105583885,0.00100192145,741.042483,1,0.18987118987,0,0,49570.39453
74267300251,2025-08-16T14:25:22Z,120.0514,0.00111930507,0.0010733591,732.207567,1,0.29949839899,0,0,-52881.23438
74267300251,2025-08-26T23:34:04Z,119.8784,0.00111024362,0.00107140136,750.560565,1,0.08054721109,0,0,-56215.67969
74267300251,2025-08-27T12:48:14Z,119.7685,0.00112951789,0.00104811242,663.078851,1,0.66255086292,0,0,52756.80078
74267300251,2025-09-05T21:56:17Z,119.8553,0.00111490802,0.00109851973,744.257455,1,0.04343984094,0,0,49039.22656
74267300251,2025-09-06T11:10:26Z,120.1173,0.00112824357,0.00108996711,719.4088,1,0.23567152908,0,0,-52463.19531
74267300251,2025-09-16T20:19:07Z,120.1039,0.0011311959,0.00109221022,760.161753,1,0.06735818835,0,0,-55607.66797
74267300251,2025-09-17T09:33:16Z,119.8133,0.00110885362,0.00099419729,739.936935,1,0.58331551869,0,0,52367.43359
74267300251,2025-09-26T18:41:20Z,120.484,0.00104725089,0.00100563603,748.373567,1,0.1115086478,0,0,49762.04688
74267300251,2025-09-27T07:55:30Z,120.5957,0.0010002592,0.00094504597,731.623077,1,0.23188652011,0,0,-52571.49219
74267300251,2025-10-07T17:04:12Z,120.4245,0.00108839566,0.00118871521,728.215676,1,0.29394028707,0,0,-55197.01562
74267300251,2025-10-08T06:18:21Z,120.4508,0.00106094456,0.00103377123,771.712056,1,0.04898032979,0,0,52531.14453
74267300251,2025-10-17T15:26:26Z,120.0506,0.00110731189,0.00107960334,750.709324,1,0.08313485461,0,0,49880.54688
74267300251,2025-10-18T04:40:35Z,119.4283,0.00108994991,0.00099213314,706.504667,1,0.4056117418,0,0,-52519.91797
74267300251,2025-10-28T13:49:18Z,120.2504,0.00111350459,0.00107197331,779.991181,1,0.05609741501,0,0,-55611.34375
74267300251,2025-10-29T03:03:27Z,120.3442,0.00111860216,0.00111288726,736.048101,1,0.19209890525,0,0,52653.08594
74267300251,2025-11-08T01:25:40Z,119.0157,0.00107117593,0.00116533681,726.505932,1,0.38816291948,0,0,-52953.58984
74267300251,2025-11-18T10:34:21Z,120.1925,0.00108471636,0.00103397536,772.229078,1,0.21661217666,0,0,-55344.35938
74267300251,2025-11-18T23:48:30Z,123.482,0.00093561772,0.00044078941,716.704452,1,0.90196886393,0,0,52053.34375
74267300251,2025-11-28T08:56:34Z,121.0694,0.00095774839,0.00092684724,767.867847,1,0.0295130882,0,0,49785.80859
74267300251,2025-11-28T22:10:43Z,121.2789,0.00093771855,0.00091693322,777.28519,1,0.01865641377,0,0,-52940.91797
74267300251,2025-12-09T07:19:24Z,120.149,0.00105164848,0.00099268107,741.740468,1,0.19193255047,0,0,-55086.37109
74267300251,2025-12-09T20:33:33Z,120.4057,0.00105994877,0.00103234795,779.698881,1,0.02418756674,0,0,51992.74609
74267300251,2025-12-19T18:55:47Z,121.9303,0.00084113242,0.00080870608,807.199444,1,0.01356392121,0,0,-52935.55078
74267300251,2025-12-30T17:18:40Z,121.4906,0.0008704466,0.00083905765,800.118167,1,0.01549316765,0,0,52569.95312
74267300251,2023-10-08T10:46:24Z,120.0814,0.00109505051,0.00106111772,751.06612,1,0.0752674581,0,0,-55233.91797
74267300251,2023-10-18T09:08:38Z,120.2094,0.00107457475,0.00103379952,717.578407,1,0.19368460589,0,0,49442.44531
74267300251,2024-01-20T18:31:51Z,121.5668,0.00084749003,0.00081144415,804.520837,1,0.02183598454,1,0,-55783.14062
74267300251,2024-04-13T05:32:09Z,127.0739,0.00025996344,0.0002497329,848.602213,1,0.14207868811,0,0,-55653.48828
74267300251,2024-05-04T02:17:12Z,120.3101,0.00095884409,0.00087192401,781.227772,1,0.29995403165,0,1,-54700.69531
74267300251,2024-05-24T23:02:17Z,121.9197,0.00093888304,0.00089378802,779.406597,2,0.04767457681,0,2,-55211.51953
74267300251,2024-06-24T18:09:36Z,119.7202,0.0011302241,0.00108330064,730.045943,1,0.23223293212,0,0,49434.8125
74267300251,2024-10-27T22:40:06Z,119.5496,0.00110167088,0.00106372689,705.02674,1,0.38672746253,0,0,49290.35938
74267300251,2025-05-15T05:02:48Z,121.851,0.00075014347,0.00042560847,770.048715,1,0.48615089598,0,0,52301.75391
74267300251,2025-06-04T12:33:44Z,124.2968,0.0004869555,0.00046193926,822.681897,1,0.10305997901,0,0,-55777.92188
74267300251,2025-11-07T12:11:30Z,119.866,0.00110763079,0.00107545503,751.863133,1,0.04703800232,0,0,49734.21875
74267300251,2025-12-30T04:04:30Z,121.7299,0.00086698973,0.00082866857,794.917333,1,0.02222320441,0,0,-55626.11328
74282100111,2023-08-30T06:31:56Z,127.4267,5.75579e-06,6.06664e-06,210.71525,1,0.02338719108,0,0,26050.09082
74282100111,2023-09-08T15:39:07Z,128.9325,-0.0001717956,-0.0001983496,359.589217,1,0.14178308368,0,0,-2817.28223
74282100111,2023-10-31T20:47:09Z,127.81,9.07419e-06,9.11773e-06,226.117674,1,0.00266187187,0,0,26090.20996
74282100111,2024-01-23T07:47:30Z,130.4711,3.705448e-05,3.190342e-05,226.46668,1,0.09199496354,1,0,25969.65625
74282100111,2024-02-13T04:32:35Z,131.594,3.696337e-05,3.483716e-05,483.247675,2,0.10719117949,1,0,25669.0957
74282100111,2024-03-14T10:24:48Z,136.3319,0.00087688292,0.0009000073,609.414419,2,0.24093793158,1,0,-2949.23022
74282100111,2024-03-25T22:02:43Z,130.0153,1.296404e-05,2.055451e-05,176.836571,1,0.91090197266,0,0,26187.90527
74282100111,2024-05-06T15:32:52Z,132.5539,3.814793e-05,3.474782e-05,239.312845,1,0.16176921769,0,0,25463.73145
74282100111,2024-05-27T12:17:57Z,131.122,2.320306e-05,2.292386e-05,272.86503,1,0.09391510702,0,0,25729.03516
74282100111,2024-06-05T21:25:09Z,130.3237,4.145051e-05,3.895967e-05,667.252515,2,0.02150887887,0,0,-3786.06787
74282100111,2024-07-08T05:48:05Z,129.6171,4.7923e-06,4.38426e-06,256.124037,1,0.00121289344,0,0,25429.41016
74282100111,2024-08-18T23:18:15Z,127.8418,2.227392e-05,1.994653e-05,213.830975,1,0.06551624869,0,0,25631.54492
74282100111,2024-09-08T20:03:21Z,127.3322,1.478679e-05,6.85075e-06,206.79528,1,0.10514663449,0,0,26050.35352
74282100111,2024-10-09T01:55:38Z,129.1904,-0.0002209355,-0.0002204451,562.611638,2,0.38909643834,0,0,-3004.50415
74282100111,2025-01-12T00:33:49Z,128.6811,2.114441e-05,2.358995e-05,213.926042,2,0.0332584391,1,2,25648.83105
74282100111,2025-02-01T21:18:54Z,127.8167,1.4475e-05,1.265038e-05,218.750149,1,0.02017110262,1,0,26124.43359
74282100111,2025-05-17T05:04:17Z,127.9248,1.374666e-05,1.438677e-05,227.148973,1,0.00272498788,0,0,25670.7627
74282100111,2025-06-07T01:49:23Z,129.2725,2.115462e-05,1.971445e-05,235.171437,1,0.05266360245,0,0,25698.57031
74282100111,2025-06-27T22:34:28Z,128.7193,1.931151e-05,1.911942e-05,268.523498,1,0.00047844664,0,0,25838.35547
74282100111,2025-07-18T19:19:34Z,128.2748,1.210801e-05,1.179956e-05,220.943236,1,0.01122016729,0,0,26058.12793
74282100111,2025-08-08T16:04:37Z,128.0657,1.034683e-05,1.057425e-05,229.875078,1,0.00274603766,0,0,25299.47656
74282100111,2025-08-29T12:49:43Z,127.9864,1.624084e-05,7.68758e-06,209.341923,1,0.11706374583,0,0,26089.1582
74282100111,2025-10-10T06:19:50Z,127.536,5.2782e-06,3.19715e-06,185.252278,1,0.36119208762,0,0,25708.22363
74282100101,2023-07-28T22:08:58Z,127.5011,7.270062e-05,5.135185e-05,353.452243,1,0.18344673046,0,0,5976.79102
74282100101,2023-08-30T06:31:53Z,127.3401,3.86412e-06,4.6303e-06,240.561878,1,0.0113993478,0,0,25048.97461
74282100101,2023-09-08T15:39:09Z,126.9358,5.279256e-05,2.130113e-05,461.304878,1,0.02954036198,0,0,5741.24463
74282100101,2023-09-20T03:16:59Z,127.5725,6.12785e-06,6.68319e-06,251.628489,1,0.00230783887,0,0,24825.03711
74282100101,2023-09-29T12:24:13Z,127.5585,5.34258e-06,4.18022e-06,345.198604,1,0.04939726979,0,0,5856.98682
74282100101,2023-10-11T00:02:01Z,127.453,5.75317e-06,9.10702e-06,225.004988,1,0.56929514615,0,0,24223.77734
74282100101,2023-10-31T20:47:06Z,127.6514,6.96019e-06,7.46639e-06,252.169658,1,0.00215219765,0,0,25097.32617
74282100101,2023-11-10T05:54:22Z,127.3526,4.21506e-06,8.16617e-06,768.138114,2,0.07868608311,0,0,5482.43164
74282100101,2023-12-21T23:24:31Z,127.5898,1.460858e-05,3.191847e-05,419.270763,2,0.09508296431,0,2,5909.69946
74282100101,2024-01-02T11:02:22Z,128.8817,2.534923e-05,2.367314e-05,239.515262,1,0.20424190407,1,0,24881.38086
74282100101,2024-01-11T20:09:37Z,128.2915,6.949479e-05,4.327118e-05,458.068912,2,0.0269566285,1,0,5964.18457
74282100101,2024-02-01T16:54:43Z,131.0839,4.795023e-05,4.743507e-05,592.225625,2,0.040057887,1,0,5634.81079
74282100101,2024-02-13T04:32:32Z,130.9619,3.096206e-05,3.420471e-05,334.826868,2,0.47006292518,1,0,24578.51953
74282100101,2024-02-22T13:39:48Z,129.8302,2.719005e-05,2.261811e-05,636.434294,2,0.15064014256,1,0,5308.63062
74282100101,2024-03-05T01:17:37Z,128.2211,1.784204e-05,1.730531e-05,270.725101,1,0.00272672726,1,0,24904.3457
74282100101,2024-03-14T10:24:50Z,129.4448,2.298226e-05,2.723834e-05,657.653419,2,0.16253166552,1,0,5702.30176
74282100101,2024-04-04T07:09:55Z,129.8016,-3.413e-06,1.822372e-05,476.525459,2,0.03373481322,0,0,5866.50342
74282100101,2024-04-15T18:47:46Z,130.7381,3.533499e-05,3.435588e-05,353.123549,1,0.00477357137,0,0,25401.19238
74282100101,2024-04-25T03:55:01Z,130.2678,3.010018e-05,3.150492e-05,578.862207,1,0.00633214444,0,0,5895.50977
74282100101,2024-05-06T15:32:49Z,131.8562,3.394848e-05,3.764113e-05,272.346145,1,0.11649981846,0,0,24439.2207
74282100101,2024-05-27T12:17:54Z,130.6825,2.215599e-05,2.425674e-05,263.986791,1,0.10327789906,0,0,24707.50293
74282100101,2024-06-05T21:25:11Z,130.2284,-5.0224e-06,9.2795e-06,640.899163,1,0.02195883057,0,0,4897.76807
74282100101,2024-06-26T18:10:14Z,128.3889,1.936892e-05,5.51517e-06,503.523189,1,0.09631397108,0,0,5573.28101
74282100101,2024-07-17T14:55:19Z,130.0153,5.44454e-06,1.26221e-06,472.50023,1,0.05228977396,0,0,5681.94287
74282100101,2024-07-29T02:33:08Z,129.4687,2.026316e-05,1.98066e-05,252.716073,1,0.00261570813,0,0,24577.83398
74282100101,2024-08-07T11:40:23Z,127.8905,1.135069e-05,5.80274e-06,386.325927,2,0.11662548973,0,0,5423.6748
74282100101,2024-09-08T20:03:18Z,127.2812,7.1609e-07,2.00371e-06,232.385228,1,0.11638981215,0,0,25074.50684
74282100101,2024-10-09T01:55:40Z,127.0351,1.533822e-05,1.34615e-05,486.536371,2,0.02326456835,0,0,5549.03027
74282100101,2024-10-20T13:33:30Z,127.2317,4.53576e-06,4.43828e-06,237.832644,1,0.30821028792,0,0,24830.54785
74282100101,2024-10-29T22:40:44Z,128.0231,0.00012544469,4.796296e-05,395.964506,1,0.21721232583,0,0,5415.56445
74282100101,2024-11-10T10:18:34Z,128.0852,9.33562e-06,1.497275e-05,242.417235,1,0.18256659105,0,0,24934.28711
74282100101,2024-11-19T19:25:49Z,128.7,0.00016686139,0.00012375387,515.579353,1,0.25144346479,0,0,5342.0459
74282100101,2024-12-01T07:03:39Z,128.1732,2.205158e-05,6.440881e-05,209.156399,1,0.56898100012,0,0,25213.44727
74282100101,2025-01-21T09:41:03Z,127.4384,-1.43557e-05,-1.2045e-06,470.427097,1,0.05630785222,1,0,5476.81567
74282100101,2025-06-07T01:49:20Z,128.8965,2.1285e-05,2.158647e-05,237.106774,1,0.20173118165,0,0,24702.73047
74282100101,2025-06-16T10:56:35Z,128.6866,7.88233e-05,6.827032e-05,429.314996,2,0.02016254631,0,0,5880.99121
74282100101,2025-07-07T07:41:42Z,127.5746,0.00017576962,7.585455e-05,531.550898,2,0.15637466144,0,0,5328.07812
74282100101,2025-07-28T04:26:46Z,129.2041,1.507059e-05,1.387646e-05,437.794723,1,0.00824520458,0,0,5779.4082
74282100101,2025-08-18T01:11:51Z,127.7252,3.869886e-05,9.55715e-06,399.817868,1,0.01749458889,0,0,5607.91895
74282100101,2025-08-29T12:49:40Z,127.8624,1.239886e-05,9.31684e-06,215.398614,1,0.51455601157,0,0,25095.76758
74282100101,2025-09-07T21:56:55Z,127.3356,-8.8419e-06,-5.0691e-06,448.71837,1,0.07072979321,0,0,5199.46118
74282100101,2025-09-19T09:34:42Z,127.2362,-3.242e-07,3.36042e-06,228.420833,1,0.01983745056,0,0,24650.02344
74282100101,2025-09-28T18:41:58Z,127.2829,5.167793e-05,3.357841e-05,449.103594,1,0.07075626058,0,0,5809.76709
74282100101,2025-10-19T15:27:04Z,126.9656,1.146005e-05,1.353332e-05,424.468963,1,0.05627596139,0,0,5990.00293
74282100101,2025-10-31T03:04:54Z,127.6375,1.119502e-05,7.02379e-06,211.503166,1,0.46357525455,0,0,24994.49414
74282100101,2025-11-20T23:49:57Z,128.8502,-1.17119e-05,3.589468e-05,215.495903,1,0.70058390723,0,0,24510.77344
74282100101,2025-11-30T08:57:12Z,127.644,-7.3198e-06,6.09365e-06,375.852313,1,0.18717837388,0,0,5785.05884
74282100101,2025-12-11T20:35:00Z,127.4997,2.93021e-06,7.82044e-06,217.245603,1,0.47496761176,0,0,24123.11523
74282100101,2025-12-21T05:42:16Z,127.2403,6.24198e-06,6.9995e-06,371.490438,1,0.06397631619,0,0,6053.76855
74282100101,2024-05-16T00:40:06Z,131.0485,2.98217e-06,-1.02618e-05,313.032224,2,0.09329728184,0,0,5867.3125
74295200111,2023-07-30T22:09:01Z,352.7574,0.0003161468,0.00030377403,141.250911,1,0.00165506416,0,0,-4810.05469
74295200111,2023-09-10T15:39:12Z,352.8946,0.00010174981,0.00013053082,123.161986,1,0.0,0,0,-4811.97803
74295200111,2023-10-01T12:24:15Z,352.6873,0.0003111864,0.00030993089,146.597484,1,0.00290973611,0,0,-4783.1792
74295200111,2023-10-03T01:41:44Z,352.6659,0.0003251871,0.0003135619,36.981823,1,0.02023880029,0,0,-38331.04688
74295200111,2023-10-14T00:04:36Z,352.7824,0.00030686633,0.000313599,41.837286,1,0.01168855522,0,0,59356.59375
74295200111,2023-10-22T09:09:19Z,352.7442,0.00030928139,0.00031167594,118.7881,1,0.00195438137,0,0,-4998.09692
74295200111,2023-11-12T05:54:24Z,352.7142,0.00031866692,0.00028806471,144.524286,1,0.00308608566,0,0,-4948.18213
74295200111,2023-11-13T19:11:54Z,352.7218,0.00032012491,0.00031469844,52.729039,1,0.00546050898,0,0,-37482.82812
74295200111,2024-03-08T01:20:11Z,353.0572,0.00030341336,0.0003114758,27.706473,1,0.0237082108,1,0,59751.3457
74295200111,2024-03-16T10:24:53Z,352.9015,0.00032714043,0.0002911681,164.603806,1,0.0,1,0,-4875.04224
74295200111,2024-03-28T22:05:15Z,353.0658,0.00032468857,0.00032190143,28.391694,1,0.0183071373,1,0,60089.72266
74295200111,2024-04-06T07:09:57Z,353.0731,0.00031170623,0.00032224477,130.219766,1,0.01797701647,0,0,-4670.20166
74295200111,2024-04-07T20:27:27Z,353.1758,0.00032162793,0.00031711297,59.19246,1,0.00165538198,0,0,-37407.18164
74295200111,2024-04-18T18:50:21Z,353.9688,0.00028494939,0.0003003823,87.60179,1,0.00021035372,0,0,60416.58594
74295200111,2024-04-27T03:55:03Z,353.6129,0.00026572854,0.00022526708,209.3356,1,0.0011331234,0,0,-4522.08569
74295200111,2024-04-28T17:12:33Z,353.9644,0.00032517381,0.00036363537,71.854379,1,0.01634435341,0,0,-37578.38672
74295200111,2024-05-09T15:35:24Z,354.7736,0.00026711499,0.00028075997,51.085634,1,0.01233273077,0,0,59444.57812
74295200111,2024-05-18T00:40:08Z,354.0161,0.00030963759,0.0003025775,223.118006,1,0.0049223315,0,0,-4526.20972
74295200111,2024-05-19T13:57:37Z,353.9542,0.00030546524,0.00031082596,83.744305,1,0.0,0,0,-37863.71875
74295200111,2024-06-09T10:42:43Z,354.3102,0.00030554887,0.00031738829,74.539838,1,0.00500320065,0,0,-37215.85938
74295200111,2024-06-20T09:05:34Z,355.2914,0.00031008838,0.00029413227,66.235054,1,0.0,0,0,60212.16016
74295200111,2024-06-28T18:10:17Z,357.079,0.00032852456,0.00031062705,348.41587,1,0.0,0,0,-4838.32861
74295200111,2024-06-30T07:27:46Z,356.5439,0.00029873015,0.00029700152,103.578578,1,0.01002115158,0,0,-37651.14062
74295200111,2024-08-01T02:35:42Z,354.0645,0.00025540569,0.00027438965,33.721803,1,0.04707602696,0,0,59258.71875
74295200111,2024-08-09T11:40:26Z,353.8384,0.00030430904,0.00027652267,194.900083,1,0.0,0,0,-5160.53149
74295200111,2024-08-11T00:57:56Z,353.5966,0.00029797694,0.00030703514,45.205944,1,0.03852100129,0,0,-37475.28516
74295200111,2024-08-21T23:20:46Z,353.4848,0.000289339,0.00029502374,50.759239,1,0.02273846961,0,0,59459.77539
74295200111,2024-08-30T08:25:31Z,353.4457,0.00024517723,0.00021316885,144.168635,1,0.00329243185,0,0,-5132.41968
74295200111,2024-08-31T21:43:01Z,353.4215,0.0003027087,0.00030506169,77.123352,1,0.00229952067,0,0,-37533.48047
74295200111,2024-10-02T16:51:01Z,353.1279,0.00031477709,0.00031029633,57.881174,1,0.01163393708,0,0,60311.51953
74295200111,2024-10-11T01:55:43Z,353.0511,0.00031391913,0.00028481375,131.231992,1,0.00547820063,0,0,-4863.30078
74295200111,2024-10-31T22:40:46Z,354.4387,-2.43219e-05,5.432583e-05,135.314741,1,0.00151983194,0,0,-4771.88721
74295200111,2024-11-13T10:21:08Z,353.0808,0.00030527205,0.00031455886,40.110777,1,0.02322518364,0,0,59839.83594
74295200111,2025-01-23T09:41:06Z,352.8802,0.00030700081,0.00029365011,113.669202,1,0.0,2,0,-5122.87354
74295200111,2025-01-24T22:58:35Z,353.104,0.00030030375,0.00030111928,38.949593,1,0.01384581836,2,0,-37235.54883
74295200111,2025-05-07T17:26:27Z,353.2359,0.00031368794,0.00024163108,141.620668,1,0.02006438457,0,0,-4466.48682
74295200111,2025-05-09T06:43:56Z,353.1931,0.00029642401,0.00030416917,33.439446,1,0.04981129459,0,0,-37923.95703
74295200111,2025-05-28T14:11:34Z,353.2335,0.00030077662,0.000308663,139.987879,1,0.01721917534,0,0,-5165.06494
74295200111,2025-05-30T03:29:03Z,353.2556,0.00030839152,0.00031442595,41.160517,1,0.03406169442,0,0,-37719.23438
74295200111,2025-06-18T10:56:37Z,352.9281,0.00028676766,0.00022799001,153.0947,1,0.00172843243,0,0,-4674.56274
74295200111,2025-06-20T00:14:06Z,353.0549,0.00031085883,0.00031498526,61.441483,1,0.01871657007,0,0,-38259.82031
74295200111,2025-06-30T22:37:00Z,353.6459,0.00028545429,0.00030402931,37.680717,1,0.01415033954,0,0,59835.48828
74295200111,2025-07-10T20:59:14Z,354.2118,0.00031086087,0.000312795,44.520296,1,0.03328569068,0,0,-37371.53516
74295200111,2025-07-21T19:22:06Z,353.5919,0.00027298145,0.00029965297,59.162977,1,0.02030749692,0,0,59911.6582
74295200111,2025-07-30T04:26:49Z,353.7697,0.00018467294,0.00027020906,105.117451,1,0.08405476091,0,0,-5288.0166
74295200111,2025-07-31T17:44:18Z,353.8099,0.00031694514,0.00030773976,70.926357,1,0.00083622084,0,0,-37835.89453
74295200111,2025-08-11T16:07:09Z,354.0579,0.00027358403,0.00029232755,41.786019,1,0.01416480446,0,0,59317.92188
74295200111,2025-08-20T01:11:54Z,354.0338,0.00018079042,0.00029780975,176.940672,1,0.00531018325,0,0,-4918.60522
74295200111,2025-08-21T14:29:23Z,353.8451,0.00030333649,0.00030998948,69.642806,1,0.01665756034,0,0,-37719.60938
74295200111,2025-09-01T12:52:15Z,353.9584,0.0002742912,0.00029564991,12.403037,1,0.14624011457,0,0,60134.77734
74295200111,2025-09-09T21:56:57Z,353.2694,0.00036281934,0.00031140746,143.420974,1,0.01631699616,0,0,-5586.74268
74295200111,2025-09-11T11:14:26Z,353.5052,0.00031609883,0.00031453912,49.170642,1,0.02402021526,0,0,-37452.33008
74295200111,2025-09-22T09:37:17Z,353.3803,0.00028267874,0.00029840059,20.029964,1,0.0716148729,0,0,59842.73633
74295200111,2025-09-30T18:42:01Z,353.3549,0.00029603998,0.00030314653,141.880116,1,0.01095213575,0,0,-4776.38232
74295200111,2025-10-02T07:59:31Z,353.4678,0.00030926616,0.000312873,50.697203,1,0.02351320136,0,0,-37425.02734
74295200111,2025-10-21T15:27:07Z,353.9339,6.895802e-05,0.00013326436,119.084988,1,0.0293862234,0,0,-4784.62012
74295200111,2025-11-03T03:07:28Z,353.4397,0.00031450142,0.00032290269,10.572199,1,0.57657160103,0,0,59345.93359
74295200111,2025-11-11T12:12:11Z,353.0531,0.00031387023,0.00030904147,148.544914,1,0.00653043757,0,0,-4605.68042
74295200111,2025-11-13T01:29:40Z,353.0388,0.00031855936,0.00032445683,22.012327,1,0.07128897961,0,0,-37971.47656
74295200111,2025-11-23T23:52:31Z,353.1625,0.00032047751,0.00030039144,8.878669,1,0.20578699155,0,0,59525.29688
74295200111,2025-12-14T20:37:34Z,354.0087,0.00044059546,0.0004431678,26.939718,1,0.08167493616,1,0,58880.6582
74295200111,2025-12-23T05:42:19Z,353.3608,0.00028787398,0.00029588738,140.886129,2,0.01065732055,1,2,-4763.59546
74295200111,2025-12-24T18:59:49Z,353.2985,0.00032254056,0.00032222505,63.508844,1,0.00047024,1,0,-37789.91797
74270100061,2023-07-28T22:09:43Z,93.4597,0.00012837279,0.00012846743,751.764879,1,0.04203665613,0,0,-32769.78906
74270100061,2023-08-29T06:30:36Z,93.5027,0.0001296894,0.00012794799,737.718247,2,0.08623436203,0,0,-25140.50586
74270100061,2023-09-08T15:39:55Z,92.8456,0.00012897607,0.00012870764,744.011976,1,0.08057767103,0,0,-33101.82031
74270100061,2023-09-19T03:15:42Z,92.6398,0.00013004085,0.00013230763,721.596815,1,0.11718399524,0,0,-25313.7793
74270100061,2023-09-29T12:24:58Z,93.2238,0.00012828209,0.00013097591,695.910361,1,0.15701754303,0,0,-32885.02734
74270100061,2023-10-10T00:00:44Z,93.3538,0.00013026745,0.0001319611,722.197953,2,0.10508577446,0,0,-25984.69727
74270100061,2023-10-20T09:10:02Z,93.6721,0.00012635859,0.00012895026,730.081946,1,0.17236519489,0,0,-33212.94531
74270100061,2023-10-30T20:45:49Z,93.878,0.000126694,0.00012757826,780.252102,2,0.03999928816,0,0,-25105.51172
74270100061,2023-11-10T05:55:07Z,94.1253,0.0001209323,0.00012371894,731.978517,1,0.15166408066,0,0,-33300.17188
74270100061,2023-11-20T17:30:54Z,93.5861,0.00012674976,0.00012760348,726.228257,2,0.08098532231,0,0,-25251.39258
74270100061,2023-12-01T02:40:13Z,93.1093,0.0001260069,0.00012695264,744.210395,1,0.06098287782,0,0,-33251.8125
74270100061,2023-12-11T14:15:59Z,93.2496,0.0001332633,0.00013178031,713.577507,2,0.20055527368,0,0,-25744.97656
74270100061,2023-12-21T23:25:17Z,94.3435,0.00013175263,0.00012477823,696.617258,2,0.24682860287,0,2,-32905.67188
74270100061,2024-01-01T11:01:05Z,94.0712,0.00012536482,0.00012589683,776.284648,2,0.03769395221,0,0,-25259.76562
74270100061,2024-01-11T20:10:22Z,94.1196,0.00012269653,0.00012284151,768.603065,1,0.05160963193,0,0,-32865.59375
74270100061,2024-02-12T04:31:15Z,96.5667,0.00010991365,0.00011783762,806.992855,2,0.05052302987,0,0,-25660.90625
74270100061,2024-03-04T01:16:20Z,94.0589,0.00011686953,0.00011783858,758.875198,2,0.06749608888,0,0,-25225.75195
74270100061,2024-03-14T10:25:36Z,94.5845,0.00011499411,0.00011391994,772.142499,1,0.02849272308,0,0,-33090.14453
74270100061,2024-04-04T07:10:40Z,96.9586,0.00012879721,0.00013119759,815.583773,1,0.01445597499,0,0,-32887.29688
74270100061,2024-04-14T18:46:29Z,97.5748,0.00010343783,0.0001059903,878.511951,1,0.0072717949,0,0,-24781.62891
74270100061,2024-04-25T03:55:46Z,97.5018,0.00010294071,0.0001051609,807.605614,1,0.06032145361,0,0,-32822.58594
74270100061,2024-05-05T15:31:32Z,101.2322,0.0001242254,0.00012642033,924.417965,2,0.01450573093,0,0,-25783.52344
74270100061,2024-06-05T21:25:57Z,100.2485,0.00011786559,0.00011398883,944.885759,1,0.00661762279,0,0,-33794.53125
74270100061,2024-06-16T09:01:43Z,99.5905,0.00012810425,0.00012587712,882.667236,2,0.01059564309,0,0,-24885.50195
74270100061,2024-06-26T18:11:00Z,98.8164,0.00012632563,0.00012456209,866.821074,1,0.01874675507,0,0,-33129.0
74270100061,2024-07-07T05:46:45Z,101.6145,0.00012772173,0.00013088653,897.246602,1,0.00575266165,0,0,-25776.52148
74270100061,2024-07-17T14:56:04Z,101.1374,0.00012164826,0.00012617959,902.015034,1,0.08584755914,0,0,-33065.53516
74270100061,2024-07-28T02:31:51Z,99.5762,0.00012672747,0.00012457812,892.725052,1,0.02255677014,0,0,-25560.80859
74270100061,2024-08-07T11:41:09Z,97.7043,0.00012232324,0.00012466616,831.807546,1,0.00760003934,0,0,-33268.60938
74270100061,2024-08-17T23:16:56Z,95.9613,0.00012305337,0.0001277609,806.548775,2,0.01326158384,0,0,-25445.78711
74270100061,2024-08-28T08:26:13Z,94.9858,0.00012444175,0.00012753213,756.29649,1,0.06083792784,0,0,-33059.57031
74270100061,2024-10-09T01:56:26Z,93.386,0.00012908257,0.00012971672,675.333972,1,0.27270717471,0,0,-33273.3125
74270100061,2024-10-19T13:32:13Z,93.1703,0.00013860808,0.00013422744,725.742175,2,0.24315443684,0,0,-25323.54688
74270100061,2024-11-09T10:17:17Z,97.853,0.00012057775,0.00012717484,835.202972,2,0.04387962411,0,0,-25197.34961
74270100061,2024-11-19T19:26:35Z,94.4776,0.00011682286,0.00011853471,732.745398,1,0.21541351748,0,0,-33382.91406
74270100061,2024-11-30T07:02:22Z,94.7371,0.00012544615,0.0001272407,746.224583,2,0.0953743825,0,0,-24908.67383
74270100061,2025-01-11T00:32:29Z,92.9211,0.00010912081,0.00010950793,715.62428,2,0.14937772536,0,2,-25590.63867
74270100061,2025-01-21T09:41:48Z,94.1185,0.00012028988,0.00012058775,750.270011,1,0.05446220142,1,0,-33313.87891
74270100061,2025-01-31T21:17:35Z,93.4359,0.00012744065,0.00012467604,790.307401,2,0.06339361172,1,0,-24967.45117
74270100061,2025-05-16T05:02:57Z,97.4518,0.00011420891,0.00011257525,821.219974,2,0.03692539295,0,0,-25505.58789
74270100061,2025-05-26T14:12:16Z,97.6862,0.00012044926,0.00011614837,868.340707,1,0.00809970871,0,0,-33237.90234
74270100061,2025-06-06T01:48:03Z,97.2467,0.00010815952,0.00011666774,889.432363,2,0.06522026467,0,0,-25490.53711
74270100061,2025-06-16T10:57:20Z,97.8132,0.00011548011,0.00011662544,819.571592,1,0.03707844467,0,0,-32792.74609
74270100061,2025-07-07T07:42:27Z,98.2204,0.00011764645,0.0001211106,838.298686,1,0.03167664756,0,0,-33400.66406
74270100061,2025-07-28T04:27:32Z,98.2709,0.000120158,0.00012338851,830.321247,1,0.03757980248,0,0,-33010.66406
74270100061,2025-08-18T01:12:36Z,97.4284,0.00012736479,0.00012708932,814.513874,1,0.06403132124,0,0,-33117.44531
74270100061,2025-09-07T21:57:40Z,95.2209,0.00012770471,0.0001264756,732.805096,1,0.01214454577,0,0,-33589.63672
74270100061,2025-09-18T09:33:25Z,94.1152,0.00012957038,0.00012994674,754.974707,2,0.07027633176,0,0,-25472.17969
74270100061,2025-09-28T18:42:44Z,94.2161,0.00013068194,0.00012986675,759.275951,1,0.03167680129,0,0,-32942.45312
74270100061,2025-10-09T06:18:31Z,93.5316,0.0001307367,0.00012785575,759.491238,2,0.12979325118,0,0,-25386.11719
74270100061,2025-10-30T03:03:37Z,93.9401,0.00012208874,0.00012350131,800.587455,1,0.04396116036,0,0,-25164.25391
74270100061,2025-11-19T23:48:40Z,93.064,0.00013007923,0.00012906719,758.11618,1,0.15686426788,0,0,-25757.80078
74270100061,2025-11-30T08:57:57Z,93.3701,0.00012971911,0.00012514737,781.348944,1,0.06174606731,0,0,-32886.08594
74270100061,2025-12-10T20:33:43Z,93.0407,0.0001247497,0.00012422607,766.506239,1,0.07157047074,0,0,-25934.32422
74270100061,2025-12-31T17:18:50Z,93.3937,0.00012285267,0.00012571333,769.73234,2,0.13077239934,0,0,-25240.04688
