x,y,reach_id,reach_len,wse,facc,slope,lakeflag,river_name
-77.8793830183524,35.245671216245114,73216000081,19038.357355029017,11.0,5981.289506866374,0.12358622325370101,0,Neuse River
-77.94625489586758,35.302911526064506,73216000091,16609.887757560395,13.90000057220459,5500.175090786398,0.29065732136887623,0,Neuse River
-78.0213276338643,35.35109837972007,73216000121,8695.795876948418,16.5,5332.05419921875,0.02952195363115562,0,Neuse River
-78.0312579856589,35.37221972679756,73216000131,652.3059707443145,19.100000381469727,5164.136798943648,3.701862062705636,0,Neuse River
-78.05926674577589,35.35974355440279,73216000141,15704.572803793868,19.100000381469727,5150.36232470233,0.1633120418700841,0,Neuse River
-78.07133328162526,35.37773202066112,73216000153,2631.434093012608,20.700000762939453,4836.173126531336,0.028549617841771065,1,Neuse River
-78.15879939921302,35.357699905014165,73216000161,18023.33301773098,20.700000762939453,4781.731156910892,0.08581719938679838,0,Neuse River
-78.22270898686348,35.377909703719155,73216000171,10098.872950566602,23.80000114440918,4419.659262567701,0.03989065336506454,0,Neuse River
-78.2779273513112,35.39600423199685,73216000181,10090.078554826787,25.700000762939453,4211.730294258296,0.19589126831618808,0,Neuse River
-78.33445806037011,35.42893421734141,73216000191,10078.408359534302,29.0,4003.1453986040665,0.1770218096882048,0,Neuse River
-78.36674536452223,35.48490900539727,73216000201,10118.54005913162,29.399999618530273,3798.4960670187843,0.14930913565233375,0,Neuse River
-78.3258270683331,35.54817058356038,73216000211,10051.894429468191,32.10000228881836,3593.8467354335025,0.4037514975228387,0,Neuse River
-79.20096600874554,33.42704515859045,73220100023,11401.704570376907,0.100000001490116,41029.69921875,0.0001616987820914088,3,Waccamaw River
-79.16413687296313,33.46494302875535,73220100031,974.1066025415133,0.100000001490116,41006.88671875,1.2630820885740815e-16,0,Great Pee Dee River
-79.17187790636224,33.525661060974734,73220100051,14555.446635987015,1.5,41006.88671875,0.011170616425987765,0,Great Pee Dee River
-79.1521921921819,33.61077583504993,73220100061,13224.707507717625,1.600000023841858,38681.10819557669,0.04314389984551767,0,Great Pee Dee River
-79.13584635452291,33.50465304838427,73220100073,11607.222880448167,0.400000005960464,20492.021484375,0.033061502993133,3,Waccamaw River
-79.15192584362507,33.660631363802025,73220300011,1417.8255876589537,2.299999952316284,36443.984375,6.837563983835879e-16,0,Great Pee Dee River
-79.14434781950514,33.665996207658296,73220300021,1639.4356662836947,2.299999952316284,36443.80859375,0.3477482154288015,0,Great Pee Dee River
-79.12440773125249,33.627938699720325,73220300031,15945.331804475269,1.600000023841858,40.35243225097656,0.12596563310987222,0,Waccamaw River
-79.14138681492997,33.65926635211466,73220300041,1224.6131561121383,2.299999952316284,36444.34375,4.0628435686961575e-16,0,Great Pee Dee River
-79.19717375675977,33.69832545735648,73220500011,17361.52240065661,2.299999952316284,24249.44140625,0.017425587132470416,0,Great Pee Dee River
-81.75759350170918,26.713441758818085,73257400023,6324.781074796986,0.800000011920929,1776.672528953935,0.03432098228181494,3,Caloosahatchee River
-81.71312030598418,26.723146197169626,73257400031,3752.3989464801057,1.100000023841858,1678.7572842907348,0.042819529925741985,0,Caloosahatchee River
-91.63955921776933,34.134346763639854,74241300043,9063.419921994955,53.5,410004.125,0.039855425950424135,1,Arkansas River
-91.73598296024872,34.172091483097155,74241300063,10767.754530509166,54.29999923706055,409459.5172304171,0.14886301388981357,1,Arkansas River
-91.78386281229558,34.19278213542198,74241300071,1187.2890467986808,55.29999923706055,408796.5164674466,1.6183912225692916e-15,0,Arkansas River
-91.84634056201563,34.2207289394116,74241300083,12622.312118935028,56.20000076293945,408727.4538879705,0.18436924727073603,1,Arkansas River
-91.91633578422757,34.276654775245824,74241300103,6551.125481396361,57.60000228881836,407948.0333481689,0.14119008788166973,1,Arkansas River
-91.97307921825477,34.28347492928079,74241300113,8302.076118238785,59.10000228881836,407545.4971706511,0.21684534525700733,1,Arkansas River
-92.04188652925932,34.32129690676429,74241300123,8310.512853265136,60.60000228881836,407077.8448467701,0.206542497129792,1,Arkansas River
-92.07409593814553,34.383953742817944,74241300133,8345.259198753887,62.70000076293945,406608.21930633264,0.14796003237631047,1,Arkansas River
-92.1155194943183,34.4223583879119,74241300153,2649.0071058559706,63.5,406089.26335198374,1.275690998411605e-14,1,Arkansas River
-92.1147468275224,34.46294110949022,74241300161,11051.28703671019,63.80000305175781,405947.19175991864,0.14203503331714806,0,Arkansas River
-92.14135595884186,34.53792129517283,74241300171,11001.571775880375,65.5,405315.76246185147,0.10206662353157868,0,Arkansas River
-92.41645527238053,34.83072638626602,74241300231,14300.506056010028,71.80000305175781,402288.8482642421,0.06110114764546362,0,Arkansas River
-92.46712206349987,34.91868147915324,74241300241,10928.359337455535,73.70000457763672,401475.8830429807,0.15662583650649922,0,Arkansas River
-92.55631763725852,34.962913768514575,74241300251,10902.152666523469,74.9000015258789,400808.93584689725,0.17067066841766249,0,Arkansas River
-92.56246167780516,35.03339561197393,74241500011,10900.416851849253,76.0,400155.80116670905,0.2519216592047373,0,Arkansas River
-92.60989813285028,35.08710402234594,74241500031,18880.455387733786,79.20000457763672,399496.74683685147,0.04616366137429044,0,Arkansas River
-92.72879779001468,35.11833735005202,74241500041,13465.189450887627,80.20000457763672,398358.20088377415,0.09165109569688414,0,Arkansas River
-92.84054336353789,35.14795703227187,74241500061,14003.354975063306,86.30000305175781,397535.36957973044,0.22069889391275466,0,Arkansas River
-91.31894283929276,34.59992447466072,74252100131,10375.397048288154,44.0,65922.52871857541,1.5814082265771997e-15,0,White River
-91.31516893189215,34.65962687093193,74252100141,10256.994011301433,45.0,65885.20874588487,0.32737087857439867,0,White River
-91.3114397440039,34.74591658137641,74252200011,11057.883499496142,48.0,5536.130859375,0.13358551292412055,0,Cache River
-91.34205984929143,34.69028470693494,74252300011,10113.684336388229,46.400001525878906,60311.3984375,7.404556314457647e-16,0,White River
-91.37175421658793,34.73166370392783,74252300021,10049.2503047117,46.400001525878906,60157.713604569246,0.02792036418180739,0,White River
-91.40566030316216,34.76067624154955,74252300031,10071.343970172753,47.29999923706055,60004.52135123121,0.07693763303049655,0,White River
-91.44630944586285,34.800593887310505,74252300041,10060.303725535423,49.10000228881836,59850.34393870773,0.1789292668588883,0,White River
-91.4603846873,34.86519169872806,74252300051,10069.523217869159,49.10000228881836,59693.70362822061,0.033528420616010884,0,White River
-91.45328174052086,34.90603196184287,74252300061,10074.494686744432,50.400001525878906,59541.98911366076,0.048287522037215556,0,White River
-91.48082125081412,34.96586090851368,74252300071,10024.23368444963,51.79999923706055,59389.28943991546,0.21461904713418198,0,White River
-91.47693277455632,35.01930370518748,74252300081,10084.111213121994,51.900001525878906,59240.53040291197,0.07396300233427236,0,White River
-91.45730877160604,35.05522122085021,74252300091,10059.723865913542,52.400001525878906,59083.397512832125,0.042171312481501466,0,White River
-91.45882316109504,35.08593693438469,74252300101,10064.371896676168,54.400001525878906,58929.71267990137,0.08154727015083314,0,White River
-91.44361141163877,35.12777019496566,74252300111,10072.699452931582,54.900001525878906,58778.98332452697,0.2036111513179851,0,White River
-91.44101450876455,35.164875729831245,74252300121,10061.055186591853,55.900001525878906,58632.194605894394,3.8812458100435235e-15,0,White River
-91.47093378448577,35.189624266674016,74252400011,12309.605040605104,57.900001525878906,4656.5888671875,0.21917014601233595,0,Little Red River
-91.53940454659354,35.19833183545395,74252400021,18119.820931514874,57.900001525878906,4395.578969855058,0.187540861884269,0,Little Red River
-91.40251560657147,35.19687210672208,74252500011,12056.546814363943,55.900001525878906,57334.81640625,2.1186529405960374e-15,0,White River
-91.3843165956907,35.22155343362943,74252500021,12039.238358748737,55.900001525878906,56797.95540420446,0.1447339430122544,0,White River
-91.37889767487462,35.26427892682281,74252500031,9842.592190413468,57.20000076293945,56264.020075194596,1.872370381346127e-15,0,White River
-91.3941140814794,35.288485612587685,74252500041,9826.369295791292,57.20000076293945,55820.780610290516,0.03986408748728867,0,White River
-91.42977510359407,35.31115122784162,74252500051,9869.456268340604,59.29999923706055,55377.54114538643,0.29123180303712304,0,White River
-91.41819633526654,35.36889785785831,74252500061,19627.70996325297,60.5,54937.22735351802,0.021088538241067375,0,White River
-92.96265800781384,38.92754556260079,74291600021,17996.500156719223,181.6999969482422,5680.58885390455,0.04655344396203466,0,Lamine River
-93.8607490826935,29.96977545930545,75120400013,11481.994748117628,0.0,24698.11328125,0.0,3,Neches River
-93.94773613993705,30.000924278983256,75120400023,8590.859097531446,0.0,24371.32294431972,0.0,3,Neches River
-94.01645510732581,30.027387371132033,75120400033,8582.075743926522,0.0,24110.680500363247,0.0,3,Neches River
-94.06182462757872,30.076315210771657,75120400043,8605.16010224492,0.0,23852.999902360818,0.0,3,Neches River
-94.08716638856593,30.10185263601737,75120400053,2969.517299738732,0.0,23595.319304358396,0.0,3,Neches River
-94.09937039706058,30.135003829305067,75120400063,8910.411246635804,0.0,23500.540233828768,0.1768055071195033,3,Neches River
-94.10970257101005,30.204780542183357,75120400081,19278.264737279733,1.600000023841858,23218.17758620925,0.06800413198807459,0,Neches River
-94.1050012028565,30.311271268868804,75120400091,19242.090749018622,6.599999904632568,22644.566753108065,0.22937096407664478,0,Neches River
-94.10849112195218,30.41057553470327,75120400101,19244.01481410186,9.300000190734863,22062.07038214473,0.09455445443039409,0,Neches River
-94.08317007843584,30.513528689413562,75120400111,19267.042328276588,13.300000190734863,21463.777499426455,0.19527926737772286,0,Neches River
-94.07398502844416,30.619835744165268,75120400121,19214.580927909712,16.899999618530273,20895.103076248688,0.17373473657526423,0,Neches River
-94.08969404659011,30.677330841561737,75120400131,9370.729673847414,17.700000762939453,20320.50496116282,9.094909253874288e-17,0,Neches River
-94.12980643941783,30.71642019770654,75120400141,9348.348781590706,17.700000762939453,20039.12959552799,0.0008793226216036627,0,Neches River
-94.1406810367885,30.777740916970835,75120400151,9406.914855812542,18.5,19771.576177678726,0.21827567200526032,0,Neches River
-94.18386840554717,30.823625979689428,75120400173,6123.976012489389,21.600000381469727,19489.213530059213,0.02159644304257185,1,Neches River
-93.69436903561459,30.173014508313027,75120500061,2183.6313912481655,0.600000023841858,24149.74609375,1.5448462739544805e-16,0,Sabine River
-93.68008194424607,30.22288812458416,75120500071,11421.165319134501,1.600000023841858,566.3129614020206,0.07473678418289167,0,Sabine River
-93.70673667608439,30.286518994245384,75120500081,10070.984606810436,1.700000047683716,24099.22265625,0.01156439233188766,0,Sabine River
-93.74910583855814,30.318061497359544,75120500091,10080.100165794847,1.700000047683716,23810.378446947674,0.30916905210774487,0,Sabine River
-93.75720996804654,30.36417038640176,75120500101,10118.751619629362,5.300000190734863,23529.760813226745,2.354364048645131e-16,0,Sabine River
-93.7267756551766,30.419607466919075,75120500111,10179.973210292586,5.300000190734863,23242.744731831393,0.08416426610922002,0,Sabine River
-93.7093020260775,30.483158377042955,75120500121,19237.12654627127,6.0,22954.814586482556,0.034398322464053145,0,Sabine River
-93.72756249200036,30.558885808164302,75120500131,11283.155755368007,6.800000190734863,22436.54032485465,1.357011054138411e-16,0,Sabine River
-93.68439727775257,30.60094590500826,75120500141,11326.956283948452,6.800000190734863,22131.242964389534,0.2189446010251604,0,Sabine River
-93.62381074124659,30.693957488923004,75120500151,19149.478414026165,10.899999618530273,21820.461220203488,0.29922082385914506,0,Sabine River
-93.56751678821651,30.805120727082866,75120500161,19174.674269789997,14.90000057220459,21296.70257485465,0.18511298590060707,0,Sabine River
-93.7097127744526,30.218981571657167,75120500171,19503.295194003153,1.600000023841858,24738.224609375,0.011836157279405323,0,Sabine River
